id,acq
1,0
5,0
6,0
9,0
10,1
11,0
12,1
13,0
14,0
18,0
19,0
22,0
23,0
24,0
27,0
29,0
30,0
36,0
37,0
38,0
40,0
41,0
42,0
44,1
45,1
46,0
47,0
48,0
49,0
50,0
53,0
56,0
57,0
58,0
59,0
64,0
65,0
66,0
68,1
69,0
71,0
74,0
75,0
76,0
77,0
78,0
80,0
81,0
82,0
83,0
85,0
86,0
87,0
89,0
92,0
93,0
94,0
95,0
96,1
97,0
98,0
99,0
100,0
101,0
102,0
103,0
104,0
105,0
106,0
108,0
109,0
110,1
111,0
113,0
121,0
123,0
124,0
125,1
126,0
127,0
128,1
129,0
130,0
132,0
133,0
134,1
135,1
136,0
138,0
139,0
140,0
142,0
143,0
144,0
145,0
146,0
147,0
151,0
152,0
153,1
157,1
160,0
162,1
163,0
164,0
165,0
166,0
167,0
168,0
169,0
176,0
179,0
180,0
183,0
185,1
186,1
187,0
189,0
191,0
193,0
194,0
196,0
197,0
198,0
199,1
200,0
201,0
202,0
203,0
209,0
210,0
211,0
212,0
213,0
214,0
216,0
220,0
221,0
225,0
227,0
228,0
229,0
232,0
233,0
235,0
236,0
237,0
241,0
242,0
246,0
247,0
248,0
249,0
253,0
254,0
256,0
259,0
260,1
267,0
271,0
272,0
273,0
274,0
275,0
279,0
281,0
283,0
284,0
290,0
293,0
296,0
297,0
298,1
299,0
302,1
303,0
304,1
307,0
309,0
310,0
311,0
312,0
313,0
314,0
315,1
317,0
320,0
322,0
323,0
327,0
330,0
331,1
332,0
334,1
336,0
338,0
341,0
342,0
343,0
345,0
346,0
349,0
352,0
353,0
354,0
356,0
361,1
362,1
366,1
368,0
369,1
371,1
372,1
374,0
376,1
377,0
378,0
379,1
381,0
383,1
387,1
388,0
389,1
390,0
392,0
393,1
395,0
396,0
398,1
399,0
400,1
401,1
402,0
404,0
405,0
406,0
407,0
408,1
409,0
410,0
411,0
416,0
417,0
418,1
420,0
422,0
423,0
424,1
425,0
435,0
436,1
438,0
439,0
440,1
441,1
442,1
443,0
444,0
447,1
448,1
449,0
450,0
455,0
456,0
459,0
461,0
464,0
466,0
467,1
470,0
473,1
474,1
475,0
478,1
480,0
483,0
484,0
486,0
488,0
489,0
490,0
494,0
496,1
497,1
498,1
501,0
502,0
504,1
505,1
506,0
508,0
509,0
511,0
512,0
513,0
514,0
516,0
517,0
518,0
519,0
521,0
522,0
524,0
525,0
528,0
529,0
530,0
531,0
532,1
533,0
534,0
535,0
536,0
538,0
539,0
541,0
543,0
544,0
545,1
546,0
547,1
548,0
550,1
551,1
552,0
553,1
554,0
555,0
557,0
558,1
559,1
560,0
562,0
677,0
679,1
680,0
682,1
684,0
685,0
686,0
687,0
688,0
689,0
690,0
691,0
692,0
693,0
694,0
695,0
696,0
697,0
698,0
699,0
700,0
701,0
702,0
703,1
704,0
706,1
707,0
708,0
709,1
712,1
714,1
715,0
718,0
722,0
724,1
725,1
728,0
730,1
731,0
732,1
733,1
734,0
735,1
736,1
739,0
741,1
742,0
743,0
745,1
748,1
754,0
756,0
757,1
758,0
762,1
764,1
767,1
768,1
773,0
774,0
776,0
778,0
780,0
781,0
783,0
787,1
791,0
793,0
797,1
798,0
800,0
811,0
816,0
817,0
818,0
820,1
828,0
829,0
830,0
833,0
834,0
835,0
836,1
837,0
839,0
840,1
842,0
843,0
844,1
846,0
848,0
849,1
850,1
851,1
852,0
853,1
855,0
856,0
857,0
859,0
861,0
865,0
866,0
867,0
868,0
870,0
872,0
873,0
874,0
875,0
879,0
880,0
882,1
883,0
884,0
885,0
886,0
887,0
889,0
890,0
894,0
895,0
896,0
897,0
899,0
900,0
901,0
903,0
904,1
908,0
913,0
915,0
918,0
920,0
921,0
922,0
924,0
925,0
926,0
929,0
930,0
932,1
934,0
937,0
938,0
939,1
940,0
941,1
942,0
943,0
944,0
945,0
949,0
952,0
953,0
955,0
958,0
960,1
963,1
968,0
969,0
971,0
972,0
974,0
976,0
977,0
978,1
981,0
982,1
983,0
984,0
985,1
986,0
988,0
991,0
995,0
998,0
999,0
1000,1
1003,0
1007,0
1008,0
1009,0
1010,0
1011,0
1013,0
1015,0
1016,0
1017,0
1019,0
1020,1
1022,0
1023,0
1024,0
1026,0
1029,1
1030,0
1032,1
1033,0
1035,0
1036,0
1039,1
1040,0
1044,0
1047,0
1049,0
1050,0
1052,0
1057,0
1058,0
1059,0
1063,0
1065,0
1066,0
1067,0
1068,0
1069,0
1070,0
1071,0
1072,0
1074,1
1076,1
1077,0
1078,0
1079,0
1080,0
1082,0
1084,0
1085,0
1087,0
1088,0
1090,0
1091,0
1094,0
1096,0
1099,1
1100,0
1101,0
1102,0
1103,1
1104,1
1105,0
1108,0
1109,0
1110,0
1111,0
1112,0
1117,0
1118,1
1120,0
1122,0
1123,1
1124,0
1125,0
1128,0
1131,0
1134,0
1135,0
1137,0
1138,0
1143,0
1147,0
1148,0
1151,0
1152,0
1153,1
1154,0
1156,0
1157,0
1158,0
1159,1
1160,0
1164,1
1167,0
1169,0
1170,0
1173,0
1174,0
1176,0
1177,0
1178,0
1181,0
1182,0
1184,0
1185,0
1188,0
1191,0
1192,0
1193,0
1197,0
1198,0
1199,0
1200,0
1201,0
1203,1
1205,0
1207,0
1208,0
1209,1
1210,0
1211,0
1212,0
1213,1
1215,0
1216,0
1217,1
1220,1
1225,0
1226,0
1228,1
1229,0
1234,0
1238,1
1239,0
1243,1
1244,0
1245,0
1246,0
1251,0
1252,0
1257,0
1258,0
1260,0
1263,0
1264,0
1265,0
1268,0
1269,0
1271,0
1272,0
1273,0
1276,1
1277,0
1280,1
1283,0
1284,0
1285,0
1287,0
1288,0
1291,1
1292,1
1293,0
1295,0
1298,0
1299,0
1300,0
1301,0
1303,1
1306,0
1308,0
1311,0
1312,0
1313,0
1314,0
1315,0
1316,1
1317,0
1320,0
1322,0
1324,0
1326,0
1327,0
1328,0
1331,0
1332,0
1335,0
1339,0
1340,1
1341,0
1342,0
1343,0
1344,0
1345,0
1347,0
1350,0
1351,0
1354,1
1355,0
1356,0
1359,0
1360,0
1361,0
1363,0
1364,0
1366,0
1367,0
1369,0
1372,0
1375,0
1377,0
1378,0
1379,0
1381,0
1382,0
1384,0
1385,0
1387,0
1388,0
1391,0
1393,0
1394,0
1395,0
1396,0
1398,0
1399,0
1404,0
1405,0
1406,0
1407,0
1409,1
1412,1
1414,0
1420,0
1421,0
1425,1
1427,0
1428,0
1429,1
1433,0
1434,0
1435,0
1436,0
1438,0
1440,0
1444,0
1445,0
1446,0
1449,0
1452,0
1456,0
1457,0
1460,0
1461,0
1466,0
1467,0
1469,0
1471,0
1477,1
1478,0
1480,1
1483,0
1488,0
1492,0
1493,0
1494,0
1496,0
1497,1
1498,0
1499,0
1500,1
1502,0
1503,0
1506,1
1508,0
1512,1
1514,0
1519,0
1520,0
1521,0
1524,0
1525,0
1526,0
1527,0
1528,0
1529,0
1532,0
1533,0
1535,0
1536,0
1537,0
1541,0
1543,0
1545,0
1546,0
1550,0
1553,0
1554,0
1555,0
1556,0
1557,0
1560,0
1562,1
1563,0
1564,0
1566,0
1567,0
1568,0
1569,0
1570,0
1571,0
1572,0
1575,0
1577,1
1579,0
1581,1
1582,0
1584,1
1585,0
1586,0
1588,0
1590,0
1598,0
1601,1
1602,0
1606,1
1607,0
1608,0
1610,0
1611,0
1616,0
1619,0
1620,0
1622,1
1623,0
1626,1
1628,1
1631,0
1633,0
1634,1
1638,0
1639,0
1640,0
1642,0
1643,0
1644,0
1648,0
1649,1
1650,0
1651,0
1652,0
1653,0
1655,0
1656,0
1657,0
1658,0
1659,1
1660,0
1661,0
1665,1
1666,1
1667,1
1673,1
1674,0
1675,0
1676,1
1677,0
1678,1
1679,1
1680,0
1681,0
1682,0
1684,1
1686,0
1688,0
1689,0
1692,0
1693,1
1694,1
1696,0
1706,0
1708,0
1709,0
1711,0
1714,0
1715,0
1716,0
1718,0
1719,1
1722,0
1723,0
1724,0
1727,0
1729,1
1731,0
1732,0
1734,0
1735,1
1739,1
1740,1
1741,1
1747,0
1751,0
1752,0
1758,0
1759,0
1760,1
1761,0
1763,0
1764,0
1765,0
1767,0
1768,0
1769,0
1771,1
1772,0
1773,0
1777,0
1783,0
1785,0
1787,1
1789,1
1790,1
1792,0
1794,0
1797,0
1798,1
1799,0
1801,1
1803,0
1808,1
1809,0
1811,0
1814,0
1815,0
1816,0
1820,0
1824,0
1832,0
1835,1
1836,1
1837,0
1839,0
1842,0
1843,0
1845,0
1846,0
1847,1
1848,0
1849,0
1851,0
1853,0
1855,1
1856,0
1858,0
1860,1
1861,0
1862,1
1863,0
1871,0
1872,0
1873,0
1875,0
1877,0
1878,0
1880,0
1882,0
1885,0
1886,1
1889,0
1890,0
1897,0
1898,0
1901,0
1902,0
1904,0
1907,0
1909,0
1910,0
1912,0
1913,0
1915,0
1916,0
1917,0
1918,0
1919,0
1920,1
1924,0
1926,0
1929,0
1931,0
1932,0
1933,0
1934,0
1940,0
1942,0
1943,0
1946,0
1948,0
1949,0
1951,0
1952,0
1959,0
1960,0
1961,0
1963,0
1964,0
1965,0
1966,0
1967,0
1970,0
1971,0
1975,0
1976,0
1980,0
1982,0
1983,0
1987,1
1989,1
1990,0
1994,1
1995,0
1996,1
2000,0
2001,0
2003,0
2004,0
2005,0
2006,0
2007,0
2008,0
2010,1
2012,0
2013,1
2016,0
2020,0
2022,0
2024,1
2025,0
2026,0
2027,1
2028,0
2029,0
2033,0
2035,0
2039,1
2042,0
2044,0
2046,0
2047,0
2048,0
2049,0
2054,1
2055,0
2056,0
2061,0
2064,0
2065,0
2067,1
2073,0
2074,0
2079,0
2080,1
2087,0
2089,0
2092,0
2095,0
2097,1
2098,0
2099,0
2101,0
2102,1
2107,1
2108,0
2109,0
2110,0
2112,0
2114,1
2115,0
2116,0
2118,1
2121,0
2122,0
2126,1
2128,1
2130,0
2133,0
2136,0
2137,0
2148,0
2149,0
2151,1
2153,0
2154,0
2155,0
2157,0
2159,1
2163,0
2166,0
2167,0
2168,0
2169,0
2171,0
2172,0
2173,0
2174,0
2175,0
2176,0
2178,0
2181,0
2182,0
2183,0
2186,0
2187,0
2188,0
2190,0
2191,0
2193,1
2194,0
2195,1
2196,0
2197,0
2198,0
2202,1
2203,0
2205,0
2206,0
2207,1
2211,0
2212,0
2213,0
2216,0
2217,0
2219,1
2220,1
2221,0
2223,0
2224,1
2225,1
2226,0
2227,0
2228,0
2230,0
2231,0
2232,0
2234,0
2236,0
2237,1
2238,0
2239,0
2240,1
2244,1
2246,0
2247,1
2249,0
2251,1
2252,0
2253,0
2257,1
2259,0
2260,0
2264,0
2265,0
2266,0
2268,1
2269,0
2270,0
2271,1
2273,0
2275,0
2276,0
2278,0
2279,0
2281,1
2286,0
2290,0
2291,1
2297,1
2298,0
2301,1
2303,0
2304,0
2307,0
2308,0
2309,0
2310,0
2312,0
2316,0
2320,0
2322,1
2323,1
2325,1
2326,0
2327,0
2332,0
2333,0
2335,0
2336,0
2337,0
2338,0
2339,0
2340,0
2342,0
2344,1
2346,0
2347,0
2348,0
2350,0
2352,0
2353,0
2354,0
2357,0
2358,0
2359,0
2365,1
2366,0
2367,0
2370,0
2371,0
2374,1
2375,1
2376,1
2377,0
2379,0
2380,0
2382,0
2383,0
2385,0
2386,0
2389,0
2390,0
2391,0
2393,0
2394,0
2396,0
2397,0
2398,0
2402,0
2403,0
2405,0
2406,0
2409,0
2410,1
2411,0
2417,0
2419,1
2420,0
2421,0
2425,0
2428,0
2429,0
2433,0
2434,1
2435,0
2436,0
2437,0
2440,0
2441,0
2442,0
2447,1
2448,0
2449,0
2452,0
2456,0
2458,0
2459,0
2460,0
2462,1
2465,0
2466,0
2467,0
2468,0
2470,1
2471,0
2474,1
2475,1
2476,1
2478,0
2479,0
2480,0
2482,0
2483,0
2484,0
2488,0
2490,0
2491,1
2492,0
2494,0
2495,0
2496,0
2497,1
2499,0
2500,1
2504,0
2505,1
2508,0
2511,0
2512,1
2513,0
2515,0
2517,0
2518,0
2519,0
2520,1
2521,0
2522,0
2524,0
2526,1
2528,1
2529,0
2530,0
2531,0
2532,1
2534,1
2535,0
2538,1
2539,0
2540,1
2542,0
2543,1
2544,0
2546,1
2548,0
2549,0
2550,0
2551,1
2552,1
2553,0
2554,0
2555,0
2557,0
2558,0
2559,0
2560,0
2561,0
2562,0
2564,1
2565,0
2566,0
2567,0
2568,0
2569,0
2570,1
2572,0
2574,1
2576,0
2577,1
2578,1
2579,0
2580,0
2582,1
2583,1
2584,0
2585,0
2587,0
2590,0
2591,0
2593,0
2594,0
2595,0
2596,1
2599,0
2601,0
2602,0
2604,1
2606,0
2608,0
2609,1
2611,0
2613,0
2617,0
2618,0
2619,0
2620,0
2622,0
2623,0
2626,0
2630,0
2633,0
2634,1
2635,0
2637,1
2638,1
2645,0
2647,1
2648,0
2649,0
2650,1
2652,1
2658,0
2659,0
2660,1
2663,0
2664,0
2666,0
2667,0
2671,0
2672,1
2674,0
2677,0
2678,0
2681,0
2683,0
2686,0
2687,0
2688,0
2691,0
2693,0
2695,0
2696,0
2697,0
2699,1
2700,0
2708,0
2709,0
2711,0
2714,1
2718,0
2720,0
2722,0
2723,0
2725,0
2727,0
2728,1
2729,0
2737,1
2741,0
2742,0
2743,0
2744,0
2746,0
2747,0
2748,0
2749,0
2750,0
2751,0
2752,0
2754,0
2756,0
2757,0
2760,0
2761,0
2762,0
2763,1
2764,0
2765,0
2767,0
2768,1
2769,1
2771,0
2772,0
2773,0
2775,0
2777,0
2779,0
2781,0
2782,0
2783,1
2784,1
2785,0
2787,0
2789,0
2791,1
2792,0
2793,0
2794,1
2797,0
2798,1
2799,1
2800,0
2801,0
2802,1
2803,0
2806,0
2807,0
2809,0
2810,1
2811,1
2813,1
2815,1
2818,1
2819,0
2820,0
2825,0
2826,0
2827,0
2828,0
2833,1
2834,0
2836,0
2838,0
2839,0
2843,0
2847,1
2848,0
2849,0
2850,0
2851,0
2853,0
2856,0
2857,0
2858,0
2862,0
2864,0
2866,0
2867,1
2870,0
2872,0
2873,0
2877,0
2880,0
2881,0
2884,1
2886,0
2887,0
2890,0
2896,1
2897,1
2898,1
2902,1
2907,1
2908,0
2909,1
2912,0
2913,0
2915,0
2916,0
2917,1
2918,0
2919,0
2920,0
2922,0
2923,0
2924,1
2925,0
2926,1
2927,1
2928,0
2929,0
2930,0
2933,1
2936,0
2938,0
2939,1
2940,1
2942,0
2944,0
2945,1
2946,1
2947,0
2948,1
2950,1
2951,1
2952,0
2953,1
2954,0
2955,0
2956,1
2957,0
2958,0
2959,0
2960,0
2961,0
2962,0
2963,0
2964,0
2965,0
2966,0
2968,0
2970,0
2971,0
2973,0
2974,0
2975,0
2976,0
2977,0
2978,0
2979,0
2982,0
2983,0
2985,0
2990,0
2993,0
2994,0
2995,0
2996,0
2998,0
2999,1
3001,0
3002,0
3003,0
3006,0
3007,0
3008,0
3009,1
3010,0
3013,1
3015,0
3016,0
3017,0
3019,0
3020,0
3023,1
3024,0
3025,1
3026,0
3028,0
3031,0
3034,0
3035,1
3036,0
3037,0
3038,1
3039,1
3040,0
3041,1
3042,1
3043,0
3044,0
3046,0
3047,0
3048,0
3049,0
3051,0
3053,1
3056,1
3057,0
3060,0
3061,1
3062,0
3063,1
3065,0
3067,0
3068,0
3069,1
3071,1
3072,1
3073,0
3074,1
3076,0
3077,0
3078,0
3080,0
3082,0
3083,1
3084,0
3085,1
3086,1
3087,0
3088,0
3089,1
3091,0
3092,0
3093,1
3094,1
3095,1
3096,1
3098,0
3100,1
3103,0
3104,0
3105,0
3107,1
3109,0
3110,0
3111,0
3114,1
3115,0
3117,0
3118,0
3120,1
3121,0
3122,0
3125,1
3128,0
3129,1
3131,0
3132,0
3133,0
3134,0
3135,0
3137,0
3138,0
3139,1
3142,1
3145,0
3146,0
3149,0
3152,1
3153,1
3154,1
3155,0
3157,1
3159,0
3161,0
3162,0
3163,0
3164,0
3166,1
3168,1
3169,0
3174,1
3176,1
3180,1
3181,0
3183,0
3184,1
3186,1
3187,0
3189,0
3190,0
3191,0
3192,0
3194,0
3198,1
3199,0
3204,0
3205,1
3206,0
3207,0
3210,0
3211,0
3216,1
3217,0
3219,0
3222,0
3223,1
3225,0
3228,0
3229,1
3235,1
3239,1
3241,1
3242,1
3243,0
3246,0
3247,0
3249,0
3251,1
3252,1
3253,0
3254,0
3256,0
3258,0
3259,0
3261,1
3263,1
3264,1
3266,1
3267,1
3269,0
3271,0
3272,0
3273,0
3275,0
3276,1
3277,1
3278,0
3282,0
3283,0
3285,0
3287,1
3290,1
3292,0
3295,1
3298,1
3299,0
3302,1
3303,0
3305,1
3306,0
3309,1
3310,0
3311,0
3312,0
3313,1
3314,0
3315,0
3317,0
3318,0
3320,1
3322,0
3323,0
3324,0
3327,0
3329,0
3330,0
3332,0
3333,1
3334,0
3335,0
3336,1
3337,0
3338,0
3339,0
3340,0
3341,0
3342,0
3343,0
3344,0
3345,1
3347,0
3348,0
3349,0
3351,0
3352,0
3353,0
3354,0
3356,1
3358,0
3359,0
3360,0
3363,1
3364,0
3365,0
3367,1
3370,1
3371,0
3372,1
3377,1
3378,1
3380,0
3381,1
3382,0
3384,1
3386,0
3387,1
3389,0
3390,0
3394,1
3395,1
3396,1
3399,1
3400,1
3401,0
3405,0
3406,1
3409,1
3411,0
3413,1
3415,1
3416,1
3417,1
3418,1
3419,0
3420,0
3421,0
3422,1
3425,1
3429,0
3430,0
3433,0
3435,0
3438,0
3440,0
3441,0
3442,0
3445,0
3446,0
3448,0
3449,0
3452,0
3453,0
3454,0
3455,0
3456,0
3458,0
3459,1
3460,0
3461,0
3463,0
3466,0
3467,0
3468,0
3469,0
3472,0
3473,0
3474,0
3476,0
3477,1
3480,0
3481,0
3482,0
3483,0
3486,0
3488,0
3490,0
3491,1
3492,0
3493,0
3497,0
3499,0
3504,0
3505,0
3507,0
3509,0
3511,0
3512,0
3514,0
3517,0
3520,0
3524,0
3526,0
3528,0
3531,0
3532,0
3533,0
3534,0
3535,0
3538,0
3539,0
3540,0
3541,0
3542,0
3543,0
3545,0
3547,1
3553,0
3554,0
3556,0
3557,0
3559,0
3563,0
3564,0
3565,1
3569,0
3570,1
3571,0
3572,0
3573,1
3574,0
3575,0
3577,0
3578,0
3579,0
3580,0
3582,0
3584,0
3585,0
3586,1
3587,1
3589,0
3591,1
3592,0
3593,0
3594,0
3595,0
3596,1
3597,0
3598,0
3599,1
3601,0
3602,0
3603,0
3604,0
3605,0
3607,1
3609,0
3610,0
3611,0
3612,0
3613,0
3615,0
3616,0
3619,0
3620,0
3621,0
3622,1
3623,0
3624,0
3625,0
3626,0
3629,0
3630,0
3631,0
3632,1
3633,0
3634,0
3637,0
3639,0
3640,0
3643,0
3645,1
3646,0
3647,0
3649,0
3651,0
3652,1
3660,0
3661,0
3666,0
3667,0
3668,0
3669,0
3672,0
3673,1
3674,0
3676,0
3680,0
3681,0
3684,1
3688,0
3690,0
3694,0
3695,0
3697,0
3699,0
3701,0
3702,0
3704,0
3707,1
3708,0
3711,1
3713,0
3717,0
3720,0
3721,0
3723,0
3729,0
3730,0
3734,0
3735,0
3737,0
3738,0
3740,0
3741,1
3742,0
3743,0
3744,1
3747,1
3748,0
3750,0
3751,0
3755,0
3757,0
3758,0
3759,1
3760,0
3762,0
3763,0
3764,0
3765,0
3766,1
3768,0
3770,0
3771,0
3772,0
3774,0
3775,1
3777,0
3779,1
3782,0
3784,0
3785,0
3786,0
3787,0
3788,0
3790,1
3792,0
3793,0
3795,1
3796,0
3797,1
3798,0
3800,0
3801,0
3806,0
3807,0
3808,0
3817,0
3821,1
3825,0
3828,1
3830,0
3831,0
3833,1
3838,0
3839,1
3840,0
3841,0
3843,0
3846,0
3847,0
3850,0
3851,0
3853,0
3855,0
3856,1
3857,0
3858,0
3860,0
3862,0
3864,1
3865,0
3867,0
3868,1
3869,0
3870,0
3872,0
3873,1
3874,0
3875,0
3879,1
3881,0
3884,0
3886,0
3888,0
3890,0
3892,0
3893,0
3894,0
3895,0
3897,0
3898,0
3899,0
3900,0
3901,0
3902,0
3903,0
3904,0
3905,0
3906,1
3908,0
3909,0
3910,1
3912,1
3913,0
3916,1
3917,0
3918,1
3920,1
3922,0
3926,1
3928,0
3930,0
3931,0
3933,1
3934,1
3937,0
3939,1
3942,0
3944,0
3946,0
3948,1
3949,0
3950,0
3951,0
3952,0
3954,0
3955,0
3957,0
3958,0
3959,0
3960,1
3961,1
3964,1
3968,0
3970,1
3971,0
3973,0
3976,0
3977,0
3979,0
3980,0
3981,0
3982,0
3983,1
3984,1
3985,0
3989,0
3990,1
3991,1
3993,1
3994,0
3995,0
3996,0
3997,0
3999,1
4000,0
4005,0
4012,0
4014,0
4015,0
4016,0
4019,0
4021,0
4022,0
4023,0
4025,0
4026,0
4027,0
4028,0
4029,0
4031,0
4032,1
4033,1
4035,0
4036,0
4038,0
4039,0
4040,0
4041,0
4043,1
4045,0
4047,0
4048,0
4049,0
4051,0
4052,1
4054,0
4055,1
4056,0
4057,0
4058,1
4061,0
4062,0
4063,0
4064,1
4065,0
4066,0
4067,0
4069,1
4071,0
4074,0
4075,0
4076,0
4077,0
4078,0
4080,0
4081,0
4083,0
4084,0
4085,0
4087,0
4088,0
4089,0
4090,0
4091,0
4092,0
4093,0
4094,0
4096,0
4097,0
4098,0
4099,0
4100,0
4101,0
4103,0
4105,0
4106,0
4107,1
4111,0
4113,0
4114,0
4115,0
4117,0
4120,0
4122,0
4123,0
4125,0
4127,1
4129,0
4131,0
4132,0
4133,0
4135,1
4138,0
4139,0
4141,0
4142,0
4143,0
4144,0
4145,1
4146,1
4147,0
4148,1
4149,0
4150,0
4152,0
4153,1
4155,0
4156,0
4157,0
4158,1
4159,1
4160,0
4161,1
4162,0
4164,1
4165,0
4167,1
4169,0
4170,0
4171,0
4172,0
4173,0
4174,0
4175,0
4176,0
4177,0
4178,0
4182,1
4184,0
4185,0
4188,0
4189,0
4192,0
4193,0
4194,0
4199,0
4201,1
4203,0
4204,1
4205,0
4206,0
4209,1
4210,0
4212,1
4215,0
4216,0
4218,0
4219,0
4220,0
4223,0
4227,1
4228,0
4229,1
4231,0
4232,0
4233,1
4235,1
4237,1
4238,0
4239,0
4240,0
4241,0
4245,0
4246,0
4249,1
4253,0
4255,0
4257,0
4258,0
4259,0
4261,0
4266,0
4267,0
4273,0
4275,0
4276,0
4277,1
4278,0
4279,0
4280,0
4281,1
4282,1
4284,1
4285,0
4286,0
4288,0
4289,0
4290,0
4291,0
4292,0
4293,0
4296,0
4297,0
4298,0
4301,1
4302,0
4303,1
4304,0
4305,0
4306,0
4307,0
4310,1
4313,0
4314,0
4315,1
4318,0
4323,1
4327,0
4328,0
4330,0
4331,0
4333,0
4337,0
4338,0
4339,1
4340,0
4341,0
4343,1
4344,0
4345,0
4346,0
4347,0
4349,0
4351,0
4353,0
4356,0
4357,0
4358,0
4360,1
4361,0
4363,0
4364,0
4365,0
4366,0
4367,1
4369,1
4370,0
4371,1
4372,0
4374,0
4376,0
4378,0
4380,0
4382,0
4384,0
4385,0
4386,0
4387,0
4388,0
4389,0
4392,0
4397,0
4398,0
4399,0
4401,1
4404,0
4405,0
4407,0
4408,1
4409,0
4410,0
4411,1
4412,0
4419,0
4420,0
4425,0
4429,0
4431,0
4433,0
4434,1
4436,0
4437,0
4438,0
4439,0
4440,0
4445,0
4446,0
4447,1
4449,0
4451,0
4452,0
4453,0
4454,0
4455,0
4457,0
4458,0
4459,0
4460,0
4462,0
4465,1
4466,0
4467,0
4468,0
4470,0
4472,0
4473,0
4474,0
4475,0
4476,0
4477,1
4478,0
4480,0
4481,0
4483,0
4484,0
4486,0
4487,0
4488,1
4490,0
4493,1
4494,0
4498,0
4499,0
4503,0
4504,0
4505,0
4507,0
4509,0
4510,1
4512,0
4513,0
4514,0
4515,0
4516,0
4517,0
4518,1
4519,0
4521,0
4523,0
4524,0
4525,0
4532,0
4533,0
4534,0
4536,1
4537,1
4541,0
4544,0
4548,0
4549,0
4551,0
4552,0
4554,0
4555,0
4558,0
4560,0
4562,0
4564,0
4569,0
4573,0
4574,0
4576,0
4577,0
4578,0
4579,1
4581,0
4583,0
4584,0
4585,0
4586,1
4590,0
4591,1
4592,1
4593,0
4595,0
4599,0
4600,0
4602,0
4603,0
4604,0
4605,1
4606,1
4609,0
4610,0
4613,0
4615,1
4616,0
4617,0
4620,0
4621,0
4622,1
4623,1
4625,0
4629,0
4630,0
4631,0
4632,0
4633,0
4634,0
4635,0
4636,0
4637,0
4638,0
4640,0
4641,0
4644,0
4648,0
4649,0
4650,0
4652,0
4654,0
4656,0
4657,0
4658,0
4659,1
4660,0
4662,0
4664,0
4665,1
4666,0
4671,0
4675,0
4678,0
4679,0
4680,0
4681,0
4682,0
4686,0
4687,0
4689,0
4690,1
4691,0
4692,0
4695,0
4696,0
4697,0
4698,0
4700,0
4703,0
4708,0
4709,0
4711,0
4712,0
4713,0
4714,0
4717,0
4719,0
4720,0
4729,0
4732,0
4733,1
4735,0
4739,0
4740,0
4741,0
4742,0
4743,0
4744,0
4745,0
4747,0
4748,1
4751,0
4755,0
4756,0
4758,1
4759,0
4761,1
4763,0
4765,0
4768,0
4769,0
4770,0
4771,0
4772,1
4773,0
4774,1
4775,0
4776,0
4777,0
4778,0
4779,0
4780,0
4781,0
4782,0
4783,0
4785,0
4787,0
4788,0
4791,0
4792,0
4794,0
4795,0
4796,0
4797,0
4798,1
4801,0
4803,0
4804,0
4805,0
4806,1
4807,1
4808,0
4809,0
4810,0
4811,0
4812,1
4814,0
4816,0
4818,1
4819,0
4820,0
4821,0
4822,0
4824,0
4825,0
4827,0
4829,0
4831,0
4832,0
4833,0
4835,0
4841,1
4843,0
4845,0
4848,0
4850,1
4867,0
4881,0
4882,0
4884,1
4887,1
4889,1
4890,1
4892,0
4893,1
4894,1
4898,0
4900,0
4901,0
4903,0
4904,1
4905,0
4908,1
4910,1
4911,0
4914,0
4918,1
4920,0
4922,0
4925,0
4929,0
4930,0
4933,1
4934,0
4937,1
4938,0
4939,0
4941,0
4944,0
4951,0
4952,1
4953,0
4954,0
4955,1
4956,0
4959,1
4960,0
4962,0
4963,1
4964,1
4965,0
4970,1
4972,0
4974,0
4976,1
4981,1
4983,0
4987,0
4988,0
4990,0
4991,0
4993,0
4998,0
4999,0
5001,1
5002,0
5003,0
5009,0
5012,0
5013,0
5015,0
5017,0
5018,0
5020,1
5021,0
5029,0
5031,0
5033,0
5034,0
5037,0
5040,0
5042,0
5043,0
5044,1
5046,0
5048,0
5050,0
5051,0
5052,0
5053,0
5054,0
5055,0
5056,0
5057,0
5058,0
5059,0
5060,0
5061,0
5062,0
5068,0
5070,0
5071,0
5072,0
5076,0
5077,1
5078,0
5080,1
5081,1
5082,1
5083,0
5084,0
5085,0
5086,0
5089,0
5090,0
5091,1
5092,0
5094,1
5095,0
5097,1
5100,0
5102,1
5105,0
5109,0
5112,1
5113,1
5114,0
5115,0
5116,1
5117,1
5118,0
5119,0
5121,1
5123,0
5125,0
5126,0
5127,0
5128,0
5132,0
5134,0
5138,0
5139,0
5141,1
5142,0
5145,0
5146,0
5148,0
5149,0
5150,0
5152,0
5153,0
5154,0
5156,0
5160,0
5162,1
5166,0
5167,0
5168,0
5169,0
5171,0
5172,0
5175,0
5176,0
5177,1
5178,0
5181,0
5183,0
5185,0
5188,0
5189,0
5190,0
5191,0
5192,0
5193,0
5194,0
5195,0
5196,0
5201,0
5203,1
5204,0
5205,0
5206,0
5207,0
5209,0
5210,0
5212,1
5214,0
5215,0
5216,0
5218,0
5219,0
5220,0
5222,0
5223,0
5226,1
5228,0
5231,0
5232,0
5234,1
5235,0
5236,0
5237,0
5238,0
5240,0
5241,0
5243,0
5244,0
5245,0
5250,0
5251,0
5253,0
5254,0
5255,0
5256,0
5257,0
5258,0
5260,0
5264,0
5266,0
5268,0
5269,0
5270,0
5271,0
5272,1
5273,0
5274,0
5276,0
5277,0
5278,0
5279,0
5280,0
5281,0
5283,0
5284,1
5285,0
5286,1
5287,1
5288,0
5290,0
5291,1
5292,0
5293,1
5295,0
5296,0
5297,0
5299,1
5300,0
5303,1
5304,1
5308,0
5309,1
5312,0
5313,0
5314,0
5315,0
5316,0
5317,0
5318,0
5320,1
5321,0
5323,0
5326,0
5327,0
5328,0
5329,1
5330,0
5331,1
5332,1
5333,0
5334,0
5335,1
5336,0
5338,0
5339,0
5340,1
5342,0
5344,0
5345,0
5346,0
5349,1
5350,1
5351,0
5352,1
5354,0
5355,0
5356,0
5357,1
5358,0
5359,0
5360,0
5362,1
5363,0
5366,0
5367,0
5371,0
5373,1
5375,0
5376,0
5377,0
5378,0
5379,1
5382,0
5383,0
5385,0
5388,0
5389,0
5390,0
5391,0
5392,0
5394,0
5396,1
5398,1
5400,0
5402,0
5404,0
5407,0
5408,0
5409,1
5410,0
5411,1
5412,0
5414,0
5415,0
5416,0
5417,0
5421,0
5422,0
5423,0
5426,0
5429,0
5431,0
5434,0
5435,1
5437,0
5438,0
5439,0
5440,0
5441,1
5442,1
5443,0
5444,0
5445,0
5447,0
5451,0
5452,0
5453,0
5454,0
5455,1
5456,0
5458,0
5460,0
5461,0
5464,0
5465,1
5467,0
5469,1
5470,0
5471,0
5472,0
5473,0
5474,0
5475,0
5476,0
5477,1
5481,0
5483,0
5485,0
5487,0
5490,0
5491,0
5492,0
5494,0
5495,0
5496,0
5498,0
5499,0
5500,0
5501,0
5502,0
5505,1
5506,0
5507,0
5508,0
5511,0
5516,1
5517,1
5518,0
5520,1
5522,0
5523,0
5525,0
5526,0
5528,0
5530,0
5531,0
5532,0
5533,1
5535,0
5537,0
5538,0
5540,0
5541,0
5542,0
5543,0
5544,0
5545,0
5546,0
5549,0
5553,0
5554,0
5555,0
5556,0
5558,0
5559,1
5561,0
5563,0
5564,0
5565,0
5566,0
5567,0
5568,0
5570,0
5571,0
5572,0
5573,0
5575,0
5576,0
5579,0
5582,0
5583,0
5585,0
5586,0
5592,0
5593,0
5594,0
5595,0
5596,1
5597,1
5598,0
5600,0
5602,0
5603,0
5604,0
5606,0
5608,1
5609,1
5610,0
5611,0
5615,1
5617,0
5620,0
5624,0
5627,0
5629,0
5630,0
5632,0
5634,1
5635,0
5636,0
5637,0
5639,0
5640,0
5641,1
5643,1
5644,0
5647,0
5648,0
5650,0
5652,1
5654,0
5655,0
5657,0
5658,0
5659,1
5660,0
5661,1
5662,0
5663,0
5664,1
5665,1
5667,1
5669,0
5670,1
5671,1
5672,1
5675,1
5677,0
5678,0
5679,0
5680,0
5682,0
5683,0
5684,0
5686,1
5687,0
5688,0
5689,0
5690,1
5692,0
5693,1
5694,0
5701,0
5702,0
5706,0
5707,0
5708,1
5710,1
5711,0
5712,0
5713,1
5715,0
5716,0
5717,0
5719,0
5720,0
5721,0
5722,0
5723,0
5724,1
5725,0
5727,0
5729,0
5731,0
5732,1
5734,0
5737,0
5738,0
5739,1
5740,1
5741,0
5742,0
5743,0
5744,0
5746,0
5749,0
5750,1
5751,1
5752,0
5754,1
5755,1
5756,1
5757,1
5758,0
5761,0
5762,1
5764,0
5765,0
5767,0
5768,0
5769,0
5778,0
5779,0
5780,1
5782,0
5783,0
5785,0
5786,0
5787,0
5788,0
5789,1
5791,0
5792,0
5793,0
5796,0
5797,0
5798,0
5800,0
5803,0
5804,0
5805,0
5807,0
5808,1
5810,0
5811,0
5812,0
5814,0
5815,0
5818,0
5819,0
5822,0
5826,0
5827,0
5830,0
5833,0
5835,0
5836,0
5838,0
5839,0
5841,0
5842,0
5845,0
5847,0
5848,0
5849,0
5850,0
5852,0
5854,1
5858,0
5861,0
5866,0
5868,0
5870,0
5873,1
5875,1
5876,1
5879,0
5880,0
5883,0
5886,0
5887,0
5888,0
5889,1
5894,0
5895,0
5896,0
5898,0
5899,1
5900,1
5901,0
5902,1
5905,0
5906,0
5908,0
5909,0
5910,1
5911,0
5912,0
5913,0
5914,0
5915,1
5919,1
5922,0
5925,0
5926,0
5930,0
5931,0
5932,0
5933,0
5934,1
5935,0
5937,1
5938,0
5939,0
5941,0
5945,0
5946,1
5947,1
5949,1
5950,0
5951,0
5954,0
5955,1
5957,0
5958,0
5960,0
5964,0
5965,0
5967,0
5968,0
5969,0
5972,0
5973,0
5974,1
5975,1
5976,0
5977,1
5980,0
5981,0
5982,0
5984,0
5985,0
5986,1
5991,0
5993,0
5994,0
5998,0
6000,0
6003,1
6005,0
6006,0
6010,0
6013,0
6014,0
6017,0
6018,0
6020,1
6023,0
6025,0
6026,1
6027,1
6030,1
6033,0
6034,1
6035,0
6037,0
6041,0
6042,0
6043,0
6044,0
6046,0
6047,0
6048,0
6051,0
6054,0
6055,0
6056,1
6058,0
6059,1
6060,0
6062,0
6063,0
6065,1
6067,0
6068,1
6069,1
6070,1
6073,0
6075,0
6078,0
6079,0
6081,0
6082,1
6083,0
6084,0
6085,1
6086,0
6088,0
6090,1
6091,0
6092,1
6093,1
6094,0
6096,1
6101,1
6102,0
6103,1
6104,0
6105,0
6106,0
6107,0
6108,0
6111,0
6113,0
6114,0
6115,0
6116,0
6119,0
6120,1
6121,1
6123,0
6124,1
6125,0
6127,0
6128,0
6129,0
6130,0
6134,0
6135,1
6137,0
6138,0
6142,0
6146,0
6147,0
6149,0
6153,0
6154,0
6155,0
6156,0
6157,1
6158,0
6159,0
6163,0
6165,0
6166,0
6169,0
6172,0
6173,0
6175,0
6176,0
6177,0
6178,0
6179,0
6180,1
6181,0
6184,0
6185,0
6186,0
6187,0
6188,1
6189,0
6197,0
6198,0
6199,1
6201,0
6202,0
6204,0
6205,0
6208,0
6209,0
6211,0
6212,1
6213,0
6214,0
6215,0
6217,1
6218,0
6220,0
6221,0
6222,0
6223,1
6225,1
6227,0
6231,0
6232,0
6233,0
6234,0
6235,0
6236,0
6239,0
6240,0
6242,0
6243,0
6244,0
6246,1
6248,0
6252,0
6253,0
6254,0
6257,0
6259,0
6264,0
6265,0
6267,0
6269,0
6271,0
6273,0
6274,0
6275,0
6276,1
6277,1
6278,1
6279,0
6280,0
6282,1
6283,0
6287,0
6288,0
6293,0
6294,0
6295,0
6296,0
6297,0
6298,0
6299,0
6301,0
6305,0
6306,0
6309,0
6310,0
6311,0
6312,0
6313,0
6315,1
6317,0
6323,0
6324,0
6325,0
6326,0
6331,1
6333,0
6335,0
6337,1
6338,0
6339,0
6340,1
6341,0
6342,0
6344,0
6346,1
6347,0
6348,0
6349,0
6350,0
6352,0
6353,0
6354,0
6355,0
6356,0
6357,0
6358,0
6359,0
6361,1
6362,0
6364,0
6365,0
6366,0
6368,1
6369,0
6371,0
6372,0
6373,1
6375,0
6376,0
6382,1
6384,0
6385,0
6386,0
6394,0
6398,0
6399,0
6400,0
6402,1
6404,0
6405,0
6406,0
6407,0
6410,1
6412,0
6413,0
6414,0
6416,0
6417,0
6419,0
6420,0
6421,0
6422,1
6425,0
6426,0
6427,0
6428,1
6430,1
6432,0
6433,1
6434,0
6435,1
6436,0
6437,0
6438,0
6440,0
6441,1
6442,1
6443,1
6445,0
6447,0
6449,1
6450,0
6451,0
6452,0
6453,0
6454,0
6455,0
6456,0
6457,0
6458,0
6459,0
6460,0
6461,0
6463,1
6464,0
6465,0
6466,0
6471,0
6473,1
6474,0
6475,0
6476,0
6477,1
6478,0
6481,0
6483,0
6484,0
6485,0
6486,0
6488,1
6491,0
6492,0
6493,0
6494,0
6495,0
6496,0
6497,1
6498,1
6499,1
6500,0
6502,1
6503,0
6504,0
6505,0
6506,0
6507,0
6509,0
6511,1
6514,0
6515,0
6520,0
6521,0
6522,0
6523,0
6524,0
6525,0
6527,1
6528,0
6529,0
6531,0
6532,0
6533,0
6534,0
6535,0
6537,1
6538,1
6539,0
6540,0
6541,0
6542,0
6543,0
6546,0
6547,0
6549,0
6551,0
6552,0
6556,1
6557,0
6559,0
6561,0
6562,1
6568,0
6572,0
6573,0
6575,0
6576,0
6577,0
6578,0
6581,0
6583,0
6584,0
6585,0
6586,0
6588,0
6590,0
6591,0
6592,0
6593,0
6594,0
6595,0
6596,0
6597,0
6598,0
6601,0
6603,0
6604,1
6606,0
6607,0
6609,0
6611,0
6612,0
6616,1
6619,0
6620,0
6621,0
6622,0
6623,0
6626,0
6629,0
6630,1
6632,0
6635,0
6636,0
6637,0
6638,1
6639,1
6641,0
6642,0
6647,0
6650,0
6652,0
6653,0
6654,1
6655,1
6656,0
6657,0
6658,0
6659,1
6660,0
6661,0
6665,1
6666,1
6668,0
6669,0
6670,0
6672,0
6673,0
6674,0
6675,1
6677,0
6679,0
6680,0
6681,0
6682,1
6683,0
6684,0
6685,0
6686,0
6687,0
6689,1
6694,1
6695,1
6696,0
6697,1
6699,0
6701,0
6702,1
6705,0
6707,1
6708,0
6709,0
6710,1
6711,0
6712,0
6713,0
6714,0
6716,0
6719,1
6720,0
6721,0
6722,0
6723,0
6725,1
6726,0
6729,0
6730,0
6731,1
6732,0
6733,0
6734,0
6735,0
6737,0
6738,0
6739,0
6740,0
6741,0
6742,0
6743,0
6744,0
6746,0
6747,0
6748,0
6751,0
6752,0
6757,0
6758,0
6759,0
6760,0
6761,0
6762,0
6763,0
6764,0
6765,0
6767,1
6770,0
6771,0
6773,0
6774,0
6776,0
6777,0
6778,0
6779,0
6783,0
6784,0
6785,0
6787,0
6788,1
6789,1
6790,0
6791,0
6794,0
6797,0
6798,0
6799,0
6801,0
6802,0
6804,0
6805,1
6807,1
6809,0
6810,1
6811,1
6813,0
6814,0
6815,1
6816,0
6817,1
6818,1
6819,1
6825,0
6827,0
6828,0
6830,0
6831,0
6836,0
6837,0
6840,0
6841,1
6844,1
6846,0
6848,0
6849,1
6850,0
6852,0
6853,1
6855,1
6856,1
6859,0
6860,0
6861,0
6862,0
6863,0
6864,0
6865,0
6866,0
6869,1
6871,0
6872,0
6873,1
6874,1
6875,0
6876,0
6877,0
6880,0
6881,0
6882,0
6884,1
6886,1
6887,1
6888,1
6890,0
6893,0
6894,0
6897,0
6898,0
6903,0
6905,0
6906,0
6907,0
6908,1
6909,0
6912,0
6913,0
6914,1
6917,0
6920,0
6922,0
6926,0
6927,0
6928,1
6929,1
6930,1
6931,0
6934,0
6935,0
6939,0
6941,0
6942,0
6943,0
6944,1
6945,0
6946,0
6951,0
6952,0
6953,1
6954,0
6955,0
6957,0
6959,0
6960,0
6961,1
6964,0
6965,0
6968,0
6969,0
6970,0
6972,0
6975,0
6976,0
6981,0
6982,0
6983,0
6985,0
6986,0
6993,0
6994,0
6995,0
6996,0
6998,0
6999,0
7000,0
7001,0
7003,0
7004,0
7005,0
7006,0
7007,0
7008,0
7009,0
7010,0
7011,0
7012,0
7013,0
7014,0
7015,0
7020,0
7023,0
7024,1
7027,0
7029,0
7030,1
7031,0
7032,0
7036,0
7037,0
7039,1
7041,1
7043,0
7045,1
7046,1
7047,0
7048,0
7049,0
7052,0
7057,1
7058,0
7060,0
7061,0
7062,0
7063,0
7064,0
7065,1
7066,0
7067,0
7068,1
7070,0
7071,0
7072,0
7073,0
7074,0
7075,0
7076,0
7077,0
7078,0
7079,0
7080,0
7083,0
7085,0
7087,0
7088,0
7090,1
7092,0
7093,1
7096,0
7097,0
7098,0
7099,0
7100,0
7101,0
7102,0
7103,0
7104,0
7106,0
7107,0
7109,1
7110,1
7111,1
7113,0
7115,0
7117,0
7119,0
7120,0
7123,0
7124,0
7126,0
7128,0
7129,0
7130,1
7132,0
7133,0
7135,0
7136,1
7139,0
7141,0
7143,0
7146,0
7148,0
7149,1
7150,0
7152,0
7154,0
7155,0
7157,0
7158,0
7159,0
7160,0
7161,0
7166,0
7167,0
7168,1
7174,0
7177,0
7184,0
7185,0
7188,0
7189,0
7190,0
7191,0
7192,0
7193,0
7196,0
7199,1
7204,0
7205,0
7207,0
7208,0
7209,0
7212,0
7215,0
7216,0
7217,0
7218,1
7220,1
7221,0
7222,0
7225,1
7226,0
7229,0
7234,1
7235,0
7240,1
7244,0
7245,0
7247,1
7250,0
7253,1
7256,0
7259,0
7260,1
7261,0
7263,0
7264,0
7266,0
7267,0
7272,0
7275,0
7276,0
7277,0
7278,0
7279,0
7286,0
7287,0
7296,1
7297,0
7302,0
7304,0
7305,1
7308,0
7310,0
7311,0
7312,0
7313,0
7314,0
7315,1
7317,0
7318,0
7319,1
7320,0
7321,0
7322,0
7323,0
7326,0
7329,0
7330,0
7331,0
7332,0
7336,0
7337,1
7338,0
7339,0
7341,0
7342,1
7344,1
7346,0
7349,0
7352,1
7353,1
7354,1
7355,0
7356,0
7357,0
7358,0
7359,0
7362,1
7363,0
7366,0
7367,0
7370,1
7375,0
7379,0
7381,0
7382,0
7385,0
7386,1
7387,0
7388,0
7389,0
7390,0
7391,1
7394,0
7395,0
7397,0
7398,0
7404,0
7406,0
7407,1
7408,0
7410,0
7413,0
7419,0
7420,0
7421,0
7423,0
7424,0
7425,0
7426,0
7427,0
7428,0
7429,0
7432,0
7433,1
7437,0
7438,0
7439,0
7441,0
7442,0
7443,0
7444,0
7447,0
7449,0
7452,0
7453,1
7455,0
7459,0
7460,0
7462,0
7464,1
7465,0
7466,0
7468,0
7469,1
7470,1
7471,0
7472,0
7474,0
7475,1
7476,0
7477,0
7481,0
7482,1
7483,0
7484,1
7487,0
7488,0
7490,1
7491,0
7494,1
7495,0
7496,0
7497,1
7498,0
7499,0
7500,0
7501,0
7504,1
7505,0
7508,0
7510,0
7512,0
7514,0
7515,0
7516,0
7517,0
7518,0
7519,0
7520,0
7521,0
7528,0
7529,0
7531,0
7533,0
7534,0
7537,0
7538,0
7539,1
7541,0
7543,0
7544,0
7545,0
7548,1
7552,0
7554,0
7555,0
7557,0
7558,1
7559,0
7562,0
7564,0
7565,0
7566,0
7568,0
7569,0
7570,1
7571,0
7574,0
7576,0
7577,0
7579,0
7580,0
7581,0
7583,0
7584,0
7585,0
7587,0
7590,0
7591,0
7592,0
7593,1
7596,1
7599,0
7600,0
7602,0
7603,1
7604,1
7605,1
7606,0
7609,0
7611,0
7614,0
7618,0
7620,0
7621,0
7622,0
7623,0
7625,0
7626,0
7627,1
7628,0
7629,0
7631,0
7632,0
7633,0
7634,0
7635,1
7636,0
7637,1
7638,0
7639,0
7640,0
7641,1
7642,0
7643,0
7644,1
7645,0
7647,0
7650,1
7652,0
7657,0
7659,1
7662,0
7669,0
7670,1
7671,0
7672,1
7673,0
7674,0
7676,0
7678,1
7679,1
7681,0
7682,0
7684,0
7686,0
7687,0
7690,0
7693,1
7694,0
7696,0
7698,1
7700,0
7702,0
7704,1
7707,0
7709,0
7710,0
7715,1
7716,0
7722,0
7723,0
7725,0
7726,0
7728,0
7729,1
7730,0
7732,0
7733,1
7734,0
7735,0
7736,0
7737,1
7738,0
7739,0
7742,0
7743,0
7744,0
7746,0
7747,1
7749,1
7752,0
7755,0
7757,0
7761,0
7762,0
7763,0
7764,0
7765,1
7766,0
7767,0
7768,0
7769,0
7771,0
7773,1
7774,0
7775,0
7776,0
7782,0
7784,1
7785,1
7789,1
7790,0
7791,1
7792,0
7795,1
7796,1
7797,0
7802,0
7804,0
7805,0
7807,0
7809,0
7810,1
7813,1
7814,1
7816,1
7817,1
7818,0
7819,1
7820,1
7821,0
7823,0
7824,1
7825,1
7826,0
7828,0
7830,0
7831,1
7835,0
7836,0
7837,0
7838,0
7839,1
7840,0
7841,0
7842,0
7843,0
7845,0
7847,1
7848,0
7850,0
7851,0
7854,0
7855,1
7857,0
7858,0
7859,1
7860,0
7861,0
7862,1
7864,0
7865,1
7866,0
7867,1
7869,0
7870,0
7871,1
7872,0
7873,0
7874,0
7875,0
7876,0
7877,0
7878,0
7879,0
7880,0
7881,0
7883,0
7884,0
7887,0
7888,0
7891,1
7893,0
7894,0
7895,1
7896,1
7897,1
7899,1
7901,0
7902,0
7903,0
7904,1
7907,0
7912,1
7913,0
7914,0
7917,0
7918,0
7920,0
7921,0
7922,0
7924,0
7927,1
7928,1
7930,1
7934,0
7935,1
7937,0
7939,0
7940,1
7942,0
7943,0
7948,0
7949,0
7950,0
7951,0
7952,0
7953,0
7954,0
7955,0
7956,0
7957,0
7958,0
7959,1
7961,0
7962,0
7963,1
7964,1
7966,1
7967,1
7968,1
7969,1
7970,0
7971,0
7972,0
7974,0
7975,0
7977,1
7979,0
7980,0
7983,1
7984,1
7985,0
7987,0
7990,0
7991,0
7992,1
7993,1
7994,0
7997,1
8000,0
8001,0
8002,1
8003,0
8004,0
8005,0
8007,0
8008,0
8009,0
8010,1
8011,0
8012,0
8015,0
8016,0
8017,0
8020,1
8021,1
8022,0
8023,1
8025,0
8026,0
8027,0
8028,0
8029,0
8030,0
8032,0
8036,0
8039,0
8040,1
8041,0
8044,0
8045,0
8047,0
8048,0
8050,0
8051,0
8055,0
8056,0
8060,0
8063,0
8064,0
8068,0
8069,0
8074,0
8080,0
8085,1
8086,0
8087,0
8088,0
8089,0
8091,1
8094,0
8096,0
8097,0
8098,0
8100,1
8102,0
8103,0
8105,0
8106,0
8108,0
8109,0
8111,0
8112,0
8113,0
8114,0
8115,1
8117,0
8119,0
8120,0
8123,1
8125,0
8126,1
8130,1
8131,0
8132,0
8134,0
8135,0
8137,0
8138,0
8140,0
8141,0
8144,0
8145,0
8147,0
8149,0
8151,0
8153,0
8155,0
8156,0
8158,0
8159,0
8160,0
8161,0
8162,0
8163,0
8164,0
8166,1
8167,0
8168,0
8169,0
8172,0
8173,0
8174,0
8176,0
8177,0
8178,0
8179,0
8180,0
8182,0
8184,0
8186,0
8188,0
8189,0
8190,0
8193,0
8194,0
8197,0
8198,0
8199,0
8200,0
8204,1
8205,1
8206,0
8209,0
8210,0
8211,0
8212,0
8213,0
8214,0
8217,1
8218,0
8219,0
8220,1
8221,0
8222,1
8223,0
8224,1
8225,1
8226,0
8227,0
8229,0
8234,0
8236,0
8240,0
8244,0
8245,0
8246,0
8247,0
8252,0
8253,0
8254,0
8255,1
8257,0
8258,0
8259,1
8262,0
8264,1
8269,0
8270,0
8273,0
8275,0
8276,0
8279,1
8286,0
8287,1
8288,1
8289,0
8291,0
8292,0
8293,1
8294,0
8296,0
8297,0
8298,1
8299,0
8300,0
8302,0
8306,0
8308,0
8309,0
8311,0
8313,0
8314,0
8317,0
8318,0
8319,0
8320,0
8322,0
8326,0
8327,1
8331,0
8334,0
8335,0
8337,0
8338,0
8339,0
8340,0
8342,0
8343,0
8344,0
8347,0
8349,0
8350,0
8351,1
8353,1
8355,1
8359,1
8361,1
8363,0
8364,0
8366,0
8367,1
8368,1
8370,1
8373,1
8374,0
8378,0
8387,1
8388,0
8391,0
8394,0
8396,1
8399,0
8400,0
8401,0
8402,0
8405,0
8406,1
8407,0
8409,0
8413,0
8415,0
8416,0
8421,0
8422,0
8424,0
8425,0
8426,0
8427,0
8428,1
8429,1
8430,1
8432,1
8433,1
8435,0
8438,1
8440,0
8441,1
8443,0
8446,0
8447,0
8448,0
8449,0
8451,0
8453,0
8454,0
8457,0
8458,0
8467,1
8472,1
8475,0
8478,0
8479,0
8480,0
8481,0
8487,0
8488,0
8489,0
8490,0
8491,0
8493,0
8496,1
8497,1
8501,0
8502,0
8506,0
8509,1
8510,0
8512,1
8513,0
8514,1
8516,0
8518,1
8520,0
8521,0
8522,0
8526,0
8528,0
8530,0
8533,0
8534,0
8535,0
8536,1
8540,0
8541,0
8543,1
8544,1
8545,0
8546,1
8547,0
8553,0
8554,0
8555,0
8556,0
8558,1
8559,0
8561,1
8562,0
8563,0
8565,0
8567,1
8569,0
8571,1
8572,1
8574,0
8577,0
8578,0
8579,0
8580,0
8581,0
8582,0
8584,0
8585,0
8586,0
8587,0
8588,0
8590,0
8591,0
8592,0
8595,0
8596,0
8597,0
8598,0
8599,0
8600,0
8602,0
8603,0
8604,0
8605,0
8606,0
8607,0
8608,0
8609,0
8610,0
8611,0
8612,0
8613,0
8614,0
8615,1
8616,0
8617,1
8618,1
8619,0
8621,0
8623,0
8624,0
8628,1
8629,0
8630,0
8632,0
8635,0
8636,0
8637,0
8638,0
8641,0
8643,0
8644,0
8654,0
8656,0
8657,0
8658,0
8661,0
8662,0
8663,0
8664,0
8665,0
8666,1
8667,0
8668,0
8670,0
8671,0
8672,0
8673,0
8674,0
8675,0
8676,0
8677,0
8678,0
8681,0
8683,0
8684,0
8685,1
8686,0
8688,0
8689,1
8690,1
8691,1
8692,0
8694,0
8696,0
8699,0
8701,0
8702,0
8704,1
8705,0
8706,0
8707,0
8708,0
8709,1
8710,0
8711,1
8713,0
8714,0
8716,0
8717,1
8722,0
8723,0
8724,0
8725,0
8726,0
8728,0
8730,1
8731,0
8732,0
8733,0
8734,1
8735,0
8736,0
8738,0
8740,0
8741,0
8742,0
8744,0
8745,0
8746,0
8747,0
8748,1
8749,0
8750,0
8755,0
8756,1
8757,0
8758,1
8759,0
8760,0
8761,0
8765,0
8767,0
8768,0
8771,1
8777,0
8778,1
8780,1
8781,1
8784,0
8785,0
8788,0
8791,0
8793,0
8794,0
8795,1
8796,0
8797,0
8799,0
8800,0
8802,0
8806,0
8808,0
8810,0
8812,0
8814,0
8815,0
8820,0
8822,1
8823,1
8826,0
8829,0
8830,1
8835,0
8836,1
8837,0
8845,0
8846,0
8849,1
8850,0
8853,1
8854,1
8855,1
8856,0
8857,0
8858,0
8859,0
8860,0
8861,0
8863,0
8865,0
8866,0
8868,0
8873,0
8877,1
8879,0
8880,1
8882,0
8884,0
8890,0
8892,0
8893,0
8895,0
8898,0
8899,0
8902,0
8903,0
8905,0
8906,1
8908,0
8909,1
8911,0
8912,0
8914,0
8915,0
8916,1
8918,1
8919,1
8922,0
8925,0
8928,0
8930,0
8932,1
8933,0
8935,0
8940,0
8941,0
8943,0
8944,1
8945,1
8946,0
8947,1
8948,0
8950,0
8951,0
8956,0
8959,0
8961,0
8962,1
8964,0
8965,0
8968,0
8969,0
8970,0
8971,0
8972,0
8974,1
8975,1
8976,0
8977,1
8978,0
8979,0
8981,0
8982,0
8983,0
8984,0
8985,0
8986,0
8987,1
8991,0
8992,0
8993,0
8995,0
8996,1
8997,0
8998,1
8999,0
9003,0
9007,0
9010,1
9012,0
9014,0
9015,0
9018,0
9020,1
9021,0
9022,0
9025,1
9027,1
9029,0
9030,0
9031,0
9032,0
9033,1
9034,0
9036,1
9039,0
9040,0
9041,1
9044,0
9045,1
9047,1
9048,0
9049,0
9051,0
9053,0
9054,0
9055,0
9056,0
9058,0
9059,1
9060,0
9061,0
9064,1
9065,0
9066,0
9067,1
9068,1
9069,0
9072,0
9073,0
9074,0
9075,1
9076,0
9077,0
9079,0
9081,1
9087,1
9088,1
9090,1
9091,0
9093,0
9094,0
9095,0
9097,0
9098,1
9100,0
9101,0
9102,1
9103,0
9104,0
9107,0
9108,1
9110,1
9111,0
9112,1
9113,0
9115,0
9116,0
9117,0
9118,0
9120,0
9124,0
9127,0
9128,0
9129,0
9131,0
9132,0
9133,0
9134,0
9135,0
9137,0
9138,0
9139,0
9142,0
9143,0
9146,0
9147,1
9149,0
9152,1
9153,0
9155,0
9156,1
9158,0
9159,0
9160,0
9161,0
9162,0
9163,0
9164,0
9165,0
9166,0
9170,0
9171,0
9172,1
9175,0
9177,0
9178,0
9181,0
9182,0
9184,0
9187,0
9189,0
9190,0
9192,0
9193,0
9194,0
9195,0
9196,0
9197,0
9201,0
9202,0
9203,0
9204,0
9205,0
9206,0
9207,0
9208,0
9210,1
9213,0
9214,0
9216,0
9217,0
9218,0
9220,0
9222,0
9224,0
9228,0
9229,0
9230,1
9231,0
9232,0
9234,1
9235,0
9237,0
9238,0
9239,1
9240,0
9242,0
9243,1
9246,1
9250,0
9252,1
9253,0
9255,0
9258,1
9259,1
9260,0
9261,0
9263,0
9264,1
9265,0
9266,0
9267,0
9268,0
9270,0
9271,0
9272,0
9273,0
9274,0
9277,1
9278,0
9279,0
9280,0
9282,0
9283,1
9284,0
9285,1
9287,0
9288,1
9290,0
9293,0
9294,0
9295,0
9296,1
9299,0
9301,0
9302,1
9304,0
9305,0
9306,0
9308,0
9311,0
9312,0
9313,0
9314,0
9315,0
9316,0
9323,0
9324,1
9326,0
9327,0
9328,0
9330,0
9332,1
9333,0
9334,0
9335,0
9336,0
9337,0
9338,1
9339,0
9343,1
9345,0
9346,0
9348,0
9349,0
9352,0
9354,0
9356,0
9357,1
9361,0
9362,0
9363,1
9364,0
9365,1
9366,0
9369,0
9371,0
9372,0
9373,0
9374,0
9377,0
9378,0
9381,1
9382,1
9383,0
9385,0
9388,0
9389,0
9392,1
9393,0
9397,1
9398,0
9399,0
9403,0
9405,0
9406,0
9408,0
9410,1
9412,1
9413,0
9414,0
9415,0
9417,0
9422,0
9423,1
9425,0
9426,0
9427,0
9428,0
9429,0
9431,1
9432,1
9433,0
9434,1
9435,1
9436,0
9437,0
9438,0
9441,0
9443,1
9444,0
9445,0
9450,0
9453,0
9454,1
9463,0
9465,0
9469,1
9470,0
9472,1
9473,0
9475,0
9477,0
9478,0
9479,0
9484,0
9486,0
9487,1
9488,0
9489,0
9491,0
9493,0
9497,1
9498,0
9499,1
9502,0
9503,0
9505,0
9509,1
9510,1
9511,0
9515,0
9519,0
9521,0
9525,0
9526,1
9527,0
9530,0
9531,0
9532,0
9534,0
9535,0
9538,1
9539,1
9543,0
9544,1
9547,0
9549,0
9550,0
9551,0
9554,0
9556,0
9557,1
9558,0
9559,0
9560,0
9561,1
9562,0
9563,0
9565,1
9566,0
9570,1
9572,0
9573,0
9576,0
9577,0
9578,0
9580,0
9582,1
9583,0
9585,0
9587,0
9588,0
9590,0
9592,0
9597,1
9598,0
9599,0
9600,0
9603,0
9604,0
9605,0
9606,0
9607,1
9608,1
9610,0
9611,0
9612,0
9613,0
9614,0
9615,0
9617,0
9618,0
9619,1
9625,0
9626,1
9628,0
9634,0
9635,1
9637,1
9638,1
9639,0
9640,1
9641,0
9642,1
9644,1
9647,0
9650,0
9652,0
9654,0
9656,0
9657,0
9661,1
9667,0
9668,1
9671,0
9674,0
9675,0
9677,1
9678,0
9680,0
9681,0
9682,0
9686,0
9689,0
9697,0
9698,0
9699,0
9700,0
9701,0
9704,0
9705,0
9706,0
9707,0
9712,0
9718,0
9720,0
9723,0
9727,0
9728,0
9729,0
9730,0
9731,1
9733,1
9734,0
9735,0
9736,0
9737,1
9738,0
9741,0
9742,1
9744,0
9745,0
9746,0
9747,0
9748,0
9749,0
9751,0
9752,0
9753,0
9754,0
9755,1
9756,0
9760,0
9761,0
9763,0
9764,0
9767,0
9768,0
9769,0
9770,0
9771,0
9772,0
9773,0
9777,0
9779,1
9781,0
9782,0
9783,0
9784,0
9787,0
9792,0
9793,0
9795,0
9797,0
9799,0
9801,0
9804,0
9805,0
9807,0
9809,1
9810,0
9812,0
9814,1
9815,0
9816,0
9818,0
9821,0
9822,0
9823,1
9824,0
9825,0
9827,0
9829,0
9833,1
9834,0
9836,0
9837,0
9839,0
9841,0
9844,1
9847,0
9848,0
9849,0
9850,1
9851,0
9852,0
9853,0
9855,0
9857,0
9858,1
9860,0
9861,0
9862,0
9864,0
9865,0
9866,0
9867,1
9868,0
9869,0
9871,0
9872,1
9874,0
9875,0
9878,0
9880,0
9884,0
9891,1
9892,0
9893,1
9894,0
9896,0
9897,0
9901,0
9902,0
9903,0
9904,0
9905,0
9906,0
9907,0
9909,0
9912,0
9913,1
9914,0
9915,0
9918,1
9919,0
9920,1
9923,0
9925,1
9926,1
9927,0
9928,1
9929,1
9930,0
9933,0
9934,0
9936,0
9937,0
9939,0
9940,0
9941,0
9942,1
9943,0
9946,0
9947,1
9952,0
9953,0
9954,1
9955,0
9956,0
9957,0
9958,0
9959,0
9961,0
9963,0
9964,0
9965,0
9967,0
9970,0
9971,1
9972,0
9973,0
9974,0
9975,0
9976,1
9977,1
9978,1
9981,0
9982,0
9984,1
9985,0
9988,0
9989,0
9992,0
9993,0
9994,0
9995,0
10000,0
10002,0
10005,1
10008,0
10011,0
10014,0
10015,0
10018,1
10023,0
10025,1
10027,0
10032,0
10035,0
10037,0
10038,0
10040,0
10041,0
10042,1
10043,0
10046,0
10048,0
10049,1
10050,0
10052,1
10053,0
10054,0
10057,0
10058,1
10061,0
10062,0
10064,0
10065,1
10066,1
10067,0
10068,0
10071,1
10073,1
10074,0
10075,0
10076,0
10078,1
10079,0
10080,0
10081,0
10083,0
10085,0
10086,1
10088,1
10089,0
10090,0
10091,0
10092,0
10094,0
10095,0
10096,0
10097,0
10098,1
10099,0
10100,0
10102,1
10105,0
10106,1
10107,0
10108,0
10109,0
10110,0
10112,0
10114,0
10115,0
10119,0
10120,0
10122,0
10124,0
10128,1
10129,1
10130,0
10135,0
10136,0
10139,1
10140,0
10146,1
10151,0
10153,0
10154,0
10155,0
10156,0
10158,1
10162,0
10163,0
10165,0
10168,1
10171,1
10172,0
10173,0
10174,0
10175,0
10176,0
10177,0
10178,0
10180,0
10181,0
10183,0
10185,0
10186,0
10190,1
10191,0
10192,0
10196,0
10197,0
10200,0
10201,0
10207,0
10208,0
10209,0
10211,0
10213,1
10214,0
10215,0
10216,0
10218,1
10219,1
10222,0
10224,1
10225,0
10227,0
10228,0
10230,0
10231,0
10233,0
10235,0
10237,0
10238,1
10240,0
10242,0
10243,0
10245,0
10246,0
10253,0
10254,0
10255,0
10258,0
10260,0
10261,0
10262,0
10263,0
10264,0
10265,0
10268,0
10272,0
10275,0
10277,0
10280,0
10281,0
10282,0
10283,0
10284,0
10285,0
10289,0
10291,0
10292,0
10294,0
10295,0
10297,0
10299,0
10300,0
10302,0
10305,0
10306,0
10308,0
10310,1
10311,1
10313,1
10314,0
10315,0
10318,0
10319,0
10321,0
10322,0
10323,0
10324,0
10328,0
10330,0
10332,0
10334,0
10335,1
10337,0
10338,0
10339,0
10340,0
10341,0
10342,0
10344,0
10347,0
10348,1
10349,0
10352,0
10354,0
10355,0
10356,0
10357,0
10358,0
10359,0
10361,1
10362,0
10364,0
10367,0
10368,0
10370,0
10371,1
10372,0
10373,0
10375,0
10376,0
10377,0
10381,0
10382,0
10384,0
10385,0
10387,0
10388,0
10390,0
10391,0
10393,0
10394,0
10395,0
10397,0
10398,0
10399,1
10401,0
10402,0
10403,0
10404,1
10406,0
10411,0
10412,0
10414,1
10416,0
10418,0
10419,1
10423,1
10427,0
10429,1
10430,0
10431,0
10432,0
10434,1
10435,1
10436,0
10439,0
10440,0
10442,1
10444,0
10445,0
10446,1
10447,0
10449,0
10452,0
10453,1
10454,1
10455,0
10458,1
10459,0
10462,1
10464,0
10467,1
10470,0
10471,0
10472,0
10473,1
10475,0
10478,0
10484,0
10485,0
10487,0
10489,0
10491,0
10494,0
10498,0
10499,0
10500,0
10503,0
10505,0
10506,0
10508,1
10509,0
10515,0
10518,1
10519,0
10520,0
10521,0
10524,0
10527,1
10529,0
10530,0
10531,0
10532,0
10534,0
10536,0
10537,0
10538,0
10539,0
10541,1
10542,0
10544,0
10545,0
10546,0
10547,0
10548,0
10551,1
10553,0
10555,1
10556,0
10559,0
10561,0
10563,1
10564,0
10565,0
10566,0
10567,0
10569,0
10573,0
10576,1
10581,0
10582,1
10584,0
10585,1
10586,0
10587,1
10588,0
10590,0
10592,0
10593,0
10594,0
10596,1
10597,0
10598,0
10599,0
10600,0
10601,0
10602,0
10604,0
10606,0
10608,0
10609,0
10610,0
10611,0
10612,0
10613,0
10615,0
10616,0
10617,0
10618,0
10619,0
10620,0
10621,0
10622,0
10623,0
10625,0
10627,0
10632,0
10633,0
10634,0
10636,0
10638,0
10640,0
10641,0
10642,0
10643,0
10644,0
10648,0
10650,0
10651,0
10652,0
10653,0
10654,0
10657,0
10658,0
10659,0
10660,0
10661,0
10662,0
10665,0
10669,0
10674,1
10676,1
10678,0
10679,0
10681,0
10682,0
10684,0
10685,0
10687,0
10688,0
10689,0
10692,1
10693,0
10694,1
10695,0
10696,0
10699,0
10701,0
10702,0
10703,0
10704,0
10705,0
10708,0
10709,0
10710,0
10712,0
10714,1
10715,0
10717,0
10718,0
10720,0
10721,1
10724,0
10729,0
10731,0
10734,0
10736,0
10737,0
10738,0
10742,0
10743,0
10744,1
10746,0
10748,0
10749,0
10750,0
10751,0
10752,0
10754,0
10755,0
10756,0
10757,0
10758,0
10760,0
10762,0
10766,0
10767,0
10768,1
10769,0
10770,0
10771,0
10773,0
10774,0
10779,0
10780,0
10781,0
10782,0
10784,1
10786,1
10787,1
10788,1
10790,0
10794,1
10796,0
10797,0
10803,0
10804,0
10805,0
10807,0
10808,0
10809,0
10811,0
10815,1
10816,1
10817,0
10822,0
10825,0
10826,0
10827,0
10830,0
10831,1
10832,0
10833,0
10834,1
10839,0
10840,0
10841,0
10843,1
10844,1
10845,0
10847,0
10848,1
10849,1
10851,0
10853,0
10855,0
10856,0
10857,0
10859,0
10860,0
10864,0
10867,1
10868,0
10870,0
10871,1
10872,1
10873,0
10874,1
10876,0
10877,0
10879,0
10882,0
10883,1
10884,0
10885,0
10886,0
10887,1
10891,0
10892,1
10893,0
10894,0
10895,1
10897,0
10899,1
10901,1
10902,0
10903,0
10904,0
10905,0
10907,0
10908,1
10909,1
10913,0
10917,0
10918,1
10919,0
10921,0
10922,0
10923,0
10924,0
10925,0
10926,0
10928,1
10931,0
10941,1
10943,0
10944,0
10946,0
10947,0
10950,1
10956,0
10959,0
10960,1
10961,1
10962,1
10963,0
10964,0
10966,0
10969,1
10971,1
10972,0
10973,0
10974,0
10978,1
10980,0
10983,0
10985,1
10988,1
10989,1
10992,1
10994,1
10998,1
10999,0
11000,0
11006,1
11007,0
11012,0
11015,0
11018,0
11019,0
11025,0
11027,0
11028,0
11029,1
11030,0
11031,0
11034,0
11035,0
11036,0
11039,0
11040,0
11041,1
11043,0
11046,0
11047,0
11048,1
11049,0
11051,1
11052,0
11056,1
11057,0
11058,0
11059,0
11060,0
11063,1
11064,0
11065,0
11066,1
11070,0
11071,0
11074,1
11076,0
11078,1
11083,0
11085,0
11086,1
11087,0
11088,1
11090,0
11091,0
11093,0
11095,1
11098,0
11100,0
11101,1
11102,1
11103,0
11104,0
11105,0
11106,0
11107,0
11109,0
11111,0
11112,0
11113,1
11115,0
11118,0
11119,0
11120,0
11121,0
11123,0
11124,0
11126,1
11127,0
11128,0
11132,0
11133,1
11134,1
11135,0
11136,1
11137,0
11139,1
11143,1
11144,1
11145,0
11149,0
11153,0
11154,0
11156,0
11158,0
11159,0
11160,0
11161,1
11162,0
11163,0
11164,0
11166,0
11168,0
11170,0
11171,0
11173,0
11174,0
11175,0
11177,1
11179,0
11181,0
11183,0
11185,0
11190,0
11191,0
11192,1
11193,0
11196,0
11197,0
11198,0
11200,0
11201,1
11202,1
11203,0
11205,0
11208,0
11209,0
11210,1
11211,0
11212,0
11213,1
11216,0
11220,0
11221,0
11222,0
11224,0
11225,0
11227,0
11228,0
11229,0
11230,0
11231,0
11232,0
11233,0
11234,0
11236,1
11237,1
11238,0
11239,1
11241,0
11242,1
11243,0
11244,0
11249,0
11251,0
11252,1
11253,1
11254,0
11255,1
11256,0
11257,1
11259,0
11260,0
11261,0
11263,0
11265,0
11268,1
11269,0
11270,0
11271,0
11272,0
11273,0
11274,1
11276,0
11277,0
11278,0
11279,1
11281,0
11282,0
11283,0
11284,0
11285,1
11287,0
11289,1
11291,0
11292,1
11295,1
11297,0
11299,1
11300,0
11301,0
11302,0
11305,0
11306,0
11307,0
11308,0
11314,0
11315,0
11316,0
11317,0
11320,0
11322,0
11324,1
11327,0
11330,0
11333,0
11335,0
11336,0
11338,0
11340,0
11341,0
11343,0
11344,1
11348,1
11349,1
11350,0
11352,0
11354,0
11356,0
11357,0
11358,0
11359,0
11362,1
11365,0
11369,1
11370,0
11371,0
11372,0
11373,1
11374,1
11377,0
11378,1
11379,0
11380,0
11381,0
11384,0
11385,0
11386,1
11387,0
11388,0
11390,0
11392,0
11393,1
11394,0
11395,0
11396,1
11397,0
11399,0
11400,0
11402,1
11403,0
11405,1
11406,0
11407,0
11413,0
11415,0
11416,0
11417,0
11418,0
11420,0
11421,0
11422,0
11424,0
11425,0
11427,0
11428,0
11429,0
11430,0
11431,1
11433,0
11435,0
11436,0
11437,0
11440,0
11441,1
11443,0
11444,0
11445,0
11446,0
11447,0
11449,1
11450,0
11451,0
11452,0
11455,0
11459,0
11460,0
11461,0
11462,0
11464,1
11465,1
11466,0
11468,1
11469,1
11470,0
11475,0
11476,0
11477,1
11478,0
11479,0
11481,0
11484,1
11487,0
11488,1
11490,0
11491,0
11492,1
11494,0
11496,0
11497,0
11498,0
11499,0
11500,0
11501,0
11503,0
11504,1
11505,1
11506,0
11507,0
11508,1
11510,0
11514,1
11515,1
11519,0
11522,1
11523,1
11526,1
11527,1
11528,0
11529,0
11536,0
11539,1
11540,0
11541,0
11543,0
11544,0
11545,0
11546,0
11549,0
11550,1
11551,0
11553,1
11554,0
11555,0
11558,0
11559,0
11563,1
11564,0
11565,0
11566,0
11567,0
11568,0
11569,0
11570,0
11571,0
11572,0
11574,0
11575,0
11578,0
11579,1
11580,0
11584,1
11587,0
11588,0
11597,1
11598,1
11599,1
11602,1
11607,0
11608,0
11609,0
11610,0
11611,0
11612,0
11614,0
11617,0
11619,1
11621,0
11622,0
11623,1
11625,0
11627,0
11628,0
11629,0
11630,0
11632,0
11633,0
11634,0
11635,0
11636,0
11637,0
11638,0
11639,0
11640,0
11643,0
11644,0
11645,0
11649,0
11655,0
11657,1
11658,0
11660,0
11661,1
11663,0
11664,0
11665,0
11666,0
11667,0
11668,0
11671,0
11674,0
11679,1
11682,0
11683,0
11684,0
11685,0
11687,0
11689,0
11690,0
11694,0
11696,0
11697,0
11699,0
11700,0
11701,0
11702,0
11705,0
11706,0
11707,1
11708,0
11711,0
11713,0
11714,0
11716,0
11717,0
11721,0
11722,1
11723,0
11724,0
11725,0
11726,0
11727,0
11728,0
11729,0
11730,0
11731,0
11733,0
11734,0
11736,0
11738,1
11739,0
11743,1
11744,1
11746,0
11748,1
11750,0
11751,1
11752,0
11753,0
11754,0
11755,1
11756,0
11758,0
11762,1
11763,1
11764,0
11765,0
11767,0
11768,0
11769,0
11771,0
11772,0
11773,0
11774,0
11775,0
11776,0
11778,0
11783,0
11787,0
11789,0
11790,1
11791,1
11793,1
11794,0
11795,0
11798,0
11801,0
11802,0
11808,1
11811,0
11812,1
11813,0
11815,0
11816,1
11817,0
11820,0
11821,1
11822,1
11825,1
11826,0
11829,1
11830,0
11831,0
11832,0
11833,1
11834,0
11836,0
11837,1
11839,0
11840,0
11841,1
11843,0
11844,0
11847,1
11848,0
11850,0
11852,0
11854,1
11855,0
11856,0
11858,0
11859,0
11860,1
11861,0
11862,0
11863,1
11864,0
11866,0
11867,1
11871,1
11872,1
11873,1
11876,1
11877,0
11878,0
11879,0
11880,0
11882,0
11883,0
11884,0
11885,0
11886,0
11888,1
11891,1
11892,1
11893,0
11894,0
11895,1
11896,0
11898,0
11900,0
11903,0
11904,0
11905,1
11907,0
11908,0
11909,1
11910,1
11911,0
11913,0
11914,0
11915,1
11916,1
11918,0
11920,1
11923,1
11925,0
11930,0
11932,0
11933,0
11934,0
11935,0
11936,0
11938,0
11939,0
11940,0
11941,0
11944,0
11945,0
11946,0
11947,0
11949,0
11953,0
11954,1
11957,0
11958,0
11960,0
11961,0
11962,1
11964,0
11966,0
11967,0
11968,1
11970,0
11972,0
11976,0
11977,0
11978,0
11979,0
11980,0
11981,1
11982,1
11983,0
11984,0
11989,0
11990,0
11993,0
11994,0
11996,1
11997,1
11999,1
12001,0
12002,0
12003,0
12005,0
12007,1
12008,0
12009,0
12010,0
12011,0
12014,0
12016,0
12017,0
12018,1
12019,0
12022,0
12024,0
12027,0
12028,1
12031,0
12032,1
12033,0
12035,0
12036,0
12040,0
12042,0
12044,0
12045,0
12046,0
12048,0
12049,1
12050,0
12052,0
12053,1
12054,1
12055,0
12059,0
12061,0
12063,0
12064,0
12067,0
12068,1
12073,0
12076,0
12077,0
12078,0
12079,0
12080,0
12081,0
12083,1
12084,0
12085,0
12087,1
12091,0
12093,1
12094,1
12096,0
12098,0
12101,0
12102,0
12106,1
12110,0
12112,0
12114,0
12115,0
12117,0
12119,0
12121,0
12122,0
12125,0
12127,1
12128,0
12131,0
12132,1
12133,1
12135,0
12136,0
12138,1
12139,1
12140,1
12145,0
12146,1
12147,0
12149,0
12150,0
12152,0
12153,0
12154,0
12155,0
12156,1
12159,0
12160,0
12161,0
12162,0
12163,0
12164,0
12166,0
12169,0
12171,1
12172,1
12173,1
12174,0
12176,0
12177,0
12178,1
12179,0
12182,0
12183,0
12184,0
12185,0
12186,1
12187,0
12191,1
12192,0
12195,1
12197,0
12201,0
12202,0
12203,1
12204,0
12205,1
12207,0
12208,0
12209,0
12211,0
12213,1
12215,0
12216,0
12219,1
12221,1
12222,1
12223,0
12224,0
12225,1
12226,1
12227,0
12229,0
12231,0
12235,0
12236,1
12237,0
12239,0
12240,0
12243,0
12244,0
12246,0
12249,0
12250,1
12251,0
12254,0
12255,0
12257,0
12258,0
12259,0
12260,0
12261,0
12266,0
12267,0
12269,0
12270,0
12271,0
12274,0
12275,0
12276,1
12278,0
12281,1
12283,0
12285,0
12286,0
12288,0
12293,0
12294,0
12296,0
12298,1
12301,0
12302,0
12303,0
12304,0
12305,1
12306,0
12309,1
12311,0
12312,0
12313,0
12315,0
12316,0
12317,0
12318,0
12321,1
12323,0
12325,0
12327,0
12331,1
12332,0
12333,0
12334,0
12336,0
12337,0
12338,0
12339,1
12340,0
12341,0
12344,1
12345,1
12346,0
12348,0
12350,1
12351,0
12352,0
12353,0
12355,0
12356,1
12361,0
12362,0
12364,0
12366,0
12368,1
12371,0
12372,0
12374,1
12375,0
12376,0
12378,1
12379,0
12380,0
12382,0
12383,0
12386,1
12389,0
12390,1
12391,0
12394,0
12395,1
12396,0
12397,0
12398,0
12399,0
12400,0
12401,0
12403,0
12404,0
12406,0
12407,0
12408,0
12409,1
12410,0
12411,0
12413,0
12415,0
12416,0
12417,0
12418,0
12420,0
12421,0
12422,0
12423,0
12424,0
12425,0
12426,0
12428,0
12429,0
12432,0
12433,0
12435,0
12436,0
12437,0
12439,0
12441,1
12442,0
12443,1
12447,0
12448,0
12449,1
12453,0
12454,1
12455,0
12456,0
12457,0
12458,0
12460,1
12461,0
12462,0
12463,0
12464,0
12465,0
12466,0
12468,1
12469,0
12470,0
12471,0
12472,0
12473,0
12480,0
12483,0
12484,0
12485,1
12487,0
12488,0
12489,0
12490,0
12492,1
12494,0
12495,0
12500,0
12501,0
12502,0
12503,0
12504,1
12505,0
12506,0
12507,0
12508,0
12509,0
12511,0
12512,1
12514,0
12515,0
12516,0
12517,0
12520,0
12521,0
12522,0
12523,0
12524,0
12525,0
12529,1
12530,1
12531,0
12532,1
12533,0
12534,0
12538,1
12540,1
12543,0
12545,0
12546,1
12549,0
12550,0
12551,0
12554,0
12555,0
12557,1
12558,0
12559,0
12562,0
12563,0
12564,0
12569,0
12570,0
12571,0
12572,0
12573,0
12574,0
12576,0
12579,0
12580,0
12583,0
12585,0
12587,0
12588,0
12592,0
12593,0
12594,0
12595,0
12596,0
12599,0
12600,1
12601,0
12602,0
12603,0
12604,0
12605,1
12607,0
12608,0
12609,0
12610,1
12611,0
12613,0
12615,0
12616,0
12618,0
12619,0
12620,1
12621,0
12623,0
12624,0
12625,1
12627,0
12628,0
12629,1
12630,0
12631,0
12632,0
12633,0
12636,1
12638,0
12639,0
12641,0
12644,1
12645,0
12646,1
12647,1
12648,1
12649,0
12650,0
12651,0
12652,1
12653,0
12654,0
12655,0
12657,0
12658,0
12659,0
12660,1
12661,1
12663,1
12664,0
12667,1
12668,1
12670,0
12672,0
12673,0
12674,0
12676,1
12677,1
12679,1
12680,0
12681,0
12683,0
12685,1
12686,0
12687,0
12688,1
12689,0
12690,0
12691,0
12692,0
12693,0
12694,0
12695,0
12696,0
12697,1
12698,1
12699,1
12701,0
12702,1
12703,0
12704,0
12705,0
12706,0
12707,0
12709,0
12710,0
12711,0
12712,0
12713,0
12714,0
12715,0
12716,1
12717,1
12719,1
12720,0
12721,0
12722,1
12723,0
12725,0
12726,0
12727,0
12728,0
12731,0
12732,0
12737,0
12741,0
12743,0
12745,0
12746,0
12748,0
12751,1
12752,0
12753,0
12754,0
12755,0
12757,0
12758,0
12759,1
12760,0
12761,0
12762,0
12763,0
12767,1
12768,0
12770,0
12771,0
12772,0
12774,0
12775,0
12778,0
12780,0
12783,0
12785,0
12786,0
12787,0
12788,0
12789,0
12790,0
12791,0
12795,0
12796,0
12797,1
12799,0
12801,0
12802,0
12803,0
12805,0
12806,0
12810,0
12812,0
12813,0
12814,0
12815,0
12817,0
12818,0
12819,0
12822,1
12823,0
12824,0
12827,1
12829,0
12830,0
12831,0
12834,1
12836,0
12839,1
12840,0
12841,0
12842,0
12843,0
12846,0
12848,0
12849,0
12851,0
12852,1
12853,1
12857,0
12858,1
12860,0
12861,0
12862,0
12866,1
12869,0
12872,0
12874,0
12875,0
12877,0
12878,0
12880,0
12882,0
12883,1
12885,0
12886,0
12887,0
12888,1
12889,1
12890,1
12891,0
12893,0
12897,0
12898,0
12900,1
12901,0
12904,0
12905,1
12907,0
12908,0
12910,0
12912,0
12914,0
12915,0
12917,0
12919,0
12923,0
12924,0
12929,0
12933,1
12935,0
12937,1
12940,0
12943,0
12948,0
12949,0
12956,1
12959,0
12962,0
12963,0
12965,1
12969,0
12971,0
12973,1
12974,1
12978,0
12980,0
12981,1
12982,0
12986,0
12987,0
12988,1
12992,0
12995,1
12996,1
13003,0
13005,1
13006,0
13007,0
13008,0
13010,0
13011,1
13014,0
13019,0
13021,1
13023,1
13024,0
13025,0
13026,0
13027,0
13031,0
13032,0
13036,1
13037,1
13039,0
13041,1
13043,1
13045,0
13046,0
13052,0
13053,0
13054,1
13056,0
13059,0
13060,1
13062,0
13064,0
13067,0
13070,0
13072,1
13074,0
13077,1
13078,0
13080,0
13085,1
13089,1
13090,1
13092,0
13093,0
13094,0
13095,1
13096,0
13097,0
13099,0
13102,0
13103,1
13105,0
13110,0
13113,0
13114,0
13115,0
13116,0
13118,0
13119,0
13120,0
13122,0
13123,0
13124,1
13126,0
13129,0
13130,0
13131,0
13136,0
13138,0
13139,1
13141,0
13142,0
13143,0
13144,0
13148,0
13149,0
13151,1
13157,0
13158,0
13159,0
13162,0
13163,1
13165,0
13168,1
13170,0
13172,0
13173,0
13174,0
13175,1
13179,0
13180,0
13182,1
13184,0
13185,0
13186,0
13187,0
13188,1
13189,1
13190,0
13191,0
13192,0
13194,1
13195,1
13196,1
13197,1
13199,1
13200,0
13201,0
13203,0
13204,0
13205,1
13206,1
13210,1
13211,1
13212,1
13214,0
13223,0
13224,0
13225,0
13230,0
13231,0
13232,0
13234,0
13235,1
13236,0
13237,0
13238,0
13242,0
13243,0
13244,0
13245,0
13247,0
13251,0
13255,0
13256,0
13258,0
13261,0
13262,0
13263,0
13265,1
13266,0
13269,0
13270,0
13271,0
13272,0
13274,0
13275,0
13276,0
13277,0
13278,0
13279,0
13280,0
13281,0
13282,0
13284,0
13285,0
13286,0
13287,0
13288,0
13289,0
13290,0
13291,0
13292,0
13294,0
13313,0
13315,0
13317,0
13320,0
13321,0
13333,0
13336,0
13380,0
13382,0
13393,1
13398,0
13404,0
13435,0
13458,0
13462,0
13468,0
13471,0
13482,0
13507,0
13512,0
13524,0
13530,0
13531,0
13532,1
13539,0
13542,0
13543,0
13544,0
13552,0
13559,0
13611,0
13615,0
13633,0
13649,0
13656,0
13660,0
13688,0
13690,0
13694,0
13695,0
13702,0
13704,1
13708,0
13709,0
13710,0
13711,1
13714,1
13715,0
13717,0
13721,0
13729,0
13735,0
13738,0
13739,0
13744,0
13753,1
13757,0
13775,1
13787,1
13790,1
13791,0
13795,0
13831,0
13834,0
13836,0
13842,0
13849,0
13852,0
13854,0
13856,0
13869,0
13870,1
13874,1
13877,0
13889,0
13890,0
13900,0
13903,0
13904,0
13908,0
13915,0
13919,0
13946,0
13949,0
13950,0
13958,0
13963,0
13966,0
13988,0
13994,0
14012,0
14028,1
14034,0
14055,0
14069,0
14091,0
14093,0
14099,1
14103,0
14109,0
14126,0
14131,1
14146,0
14150,0
14154,1
14156,1
14166,0
14168,0
14177,1
14178,0
14180,0
14182,0
14199,0
14201,1
14207,0
14211,0
14212,0
14214,0
14220,0
14263,1
14270,0
14282,0
14285,0
14293,0
14297,0
14298,1
14300,0
14310,0
14313,0
14314,0
14315,1
14316,0
14324,0
14340,0
14354,0
14360,0
14376,1
14388,0
14389,0
14393,0
14394,1
14395,0
14402,0
14417,0
14418,0
14423,1
14427,0
14434,0
14440,0
14469,1
14476,0
14483,0
14485,1
14491,0
14499,0
14504,1
14506,1
14509,0
14512,0
14515,0
14516,0
14517,0
14524,0
14525,0
14537,0
14539,0
14540,0
14542,1
14544,0
14545,0
14547,0
14549,0
14550,0
14551,0
14558,0
14563,1
14566,0
14569,0
14572,0
14573,0
14582,1
14586,0
14587,1
14603,0
14604,1
14612,0
14619,1
14622,0
14623,1
14626,1
14629,0
14630,0
14642,0
14646,0
14655,0
14666,0
14672,0
14679,1
14682,0
14686,0
14688,0
14689,0
14697,0
14698,0
14701,0
14704,0
14706,0
14709,0
14715,1
14718,0
14719,0
14721,0
14722,0
14729,0
14732,0
14736,1
14739,0
14744,0
14751,0
14752,0
14755,0
14757,0
14761,0
14767,0
14770,0
14771,0
14777,0
14779,0
14783,0
14785,0
14805,0
14818,0
14826,0
14828,0
14829,0
14832,0
14833,0
14839,0
14840,0
14841,0
14842,0
14843,1
14844,0
14849,0
14852,1
14854,0
14858,0
14859,0
14860,0
14861,0
14862,0
14863,0
14865,1
14867,0
14872,0
14873,0
14875,0
14876,0
14877,0
14881,0
14882,0
14885,0
14886,0
14888,1
14890,0
14891,0
14892,0
14899,0
14900,1
14903,0
14904,0
14907,1
14909,1
14911,0
14912,0
14913,0
14918,0
14919,0
14921,1
14922,0
14923,0
14926,0
14928,0
14930,0
14931,0
14932,1
14933,0
14934,0
14941,1
14943,1
14949,1
14951,0
14954,0
14957,0
14958,0
14959,0
14960,0
14962,0
14963,0
14964,0
14965,0
14967,0
14968,0
14969,0
14970,0
14971,0
14974,0
14975,0
14978,1
14981,0
14982,1
14983,0
14984,0
14985,0
14986,0
14987,0
14988,0
14993,0
14995,0
14998,0
15000,0
15001,1
15002,0
15004,1
15005,0
15006,0
15011,0
15012,0
15013,0
15016,0
15017,0
15020,0
15023,0
15024,1
15026,0
15027,0
15028,0
15029,0
15031,1
15032,0
15033,0
15037,1
15038,0
15043,0
15045,0
15046,0
15048,0
15049,0
15052,1
15053,0
15055,0
15056,0
15060,1
15061,1
15062,0
15063,1
15065,0
15067,0
15069,1
15070,0
15074,0
15077,0
15078,0
15079,0
15082,0
15090,0
15091,1
15092,0
15093,0
15094,0
15095,0
15096,0
15097,0
15103,0
15104,0
15106,0
15107,0
15109,0
15110,0
15111,1
15112,0
15118,0
15119,1
15120,0
15121,0
15122,1
15124,1
15126,0
15128,1
15129,0
15130,0
15132,0
15136,0
15138,1
15141,0
15144,0
15145,0
15146,1
15149,1
15152,0
15153,0
15154,0
15156,1
15157,0
15161,1
15162,0
15171,0
15172,0
15175,0
15179,0
15180,0
15185,0
15188,0
15189,0
15190,0
15193,0
15194,0
15197,0
15198,0
15200,0
15204,1
15205,0
15206,0
15207,0
15208,0
15210,1
15211,0
15212,0
15213,0
15217,1
15219,0
15220,0
15221,0
15222,0
15223,0
15226,0
15227,0
15230,0
15233,0
15234,0
15237,0
15238,0
15239,1
15240,0
15242,0
15243,0
15244,0
15246,0
15247,0
15250,0
15253,0
15254,0
15255,1
15258,0
15259,0
15262,0
15263,0
15264,0
15265,0
15270,0
15271,0
15273,0
15274,0
15276,1
15278,0
15280,0
15281,1
15283,0
15287,0
15290,0
15292,0
15294,1
15295,0
15296,0
15299,0
15300,0
15302,1
15303,0
15306,1
15307,0
15308,1
15309,0
15310,0
15311,1
15312,0
15313,0
15314,0
15315,0
15321,0
15322,0
15324,0
15325,0
15326,0
15327,0
15329,0
15335,1
15336,0
15337,1
15339,0
15341,0
15344,0
15345,0
15348,0
15349,1
15351,0
15352,0
15354,0
15356,0
15357,0
15359,0
15363,1
15364,0
15365,0
15366,1
15367,0
15368,0
15372,1
15375,0
15378,0
15379,0
15380,0
15383,0
15384,0
15386,0
15387,0
15388,0
15389,0
15391,0
15394,0
15396,0
15397,0
15400,0
15404,1
15406,0
15409,0
15410,0
15411,0
15413,0
15415,0
15416,0
15417,0
15420,0
15421,1
15424,0
15425,1
15427,0
15428,0
15429,0
15430,0
15431,0
15432,0
15436,0
15438,0
15441,0
15442,0
15444,0
15446,0
15447,0
15448,0
15449,0
15450,0
15451,0
15452,0
15453,0
15454,0
15455,0
15457,0
15459,0
15460,0
15462,0
15464,1
15467,1
15468,1
15471,0
15472,0
15476,0
15477,0
15478,0
15479,1
15481,0
15482,0
15483,0
15484,0
15485,0
15487,1
15489,0
15494,0
15495,0
15496,0
15500,0
15501,1
15503,0
15504,0
15510,0
15511,0
15515,0
15520,0
15521,0
15522,0
15523,0
15527,0
15528,0
15531,0
15532,0
15535,0
15536,0
15539,0
15540,0
15542,1
15543,0
15544,1
15545,1
15547,0
15548,0
15549,0
15550,0
15551,0
15552,0
15553,0
15556,0
15558,0
15559,0
15560,0
15561,1
15562,0
15563,0
15565,1
15566,0
15567,0
15568,0
15569,0
15570,0
15571,1
15572,0
15573,0
15574,0
15575,1
15578,0
15579,0
15580,0
15581,0
15582,0
15583,0
15584,0
15585,0
15590,0
15591,1
15593,0
15594,0
15595,1
15596,1
15597,0
15598,0
15600,1
15601,0
15602,0
15603,0
15605,1
15607,0
15610,0
15613,0
15615,0
15616,1
15617,0
15618,0
15620,0
15621,0
15623,0
15624,0
15625,0
15626,0
15629,1
15632,0
15634,0
15636,0
15637,0
15639,0
15640,0
15641,0
15642,0
15643,0
15646,0
15648,0
15649,0
15651,0
15653,0
15655,0
15656,0
15664,1
15666,0
15667,0
15668,0
15669,0
15672,1
15674,0
15675,0
15676,0
15677,0
15679,0
15680,0
15682,1
15686,0
15688,0
15689,0
15691,0
15692,0
15694,0
15695,0
15696,0
15698,1
15702,0
15703,0
15704,0
15707,0
15708,0
15709,0
15710,0
15713,1
15715,0
15717,1
15719,0
15720,0
15721,0
15723,0
15725,0
15726,0
15727,0
15728,0
15729,0
15732,0
15733,0
15736,0
15737,0
15739,1
15742,0
15749,0
15751,0
15753,0
15757,0
15759,0
15762,0
15767,0
15768,0
15769,0
15772,0
15777,0
15778,1
15780,0
15782,0
15785,1
15790,0
15793,0
15797,0
15798,0
15800,0
15801,0
15803,0
15804,0
15805,0
15807,0
15808,0
15810,1
15811,0
15816,0
15817,0
15819,0
15821,0
15822,0
15823,0
15829,0
15831,0
15832,0
15833,0
15834,0
15836,0
15838,0
15840,0
15841,0
15842,0
15844,0
15845,0
15846,0
15847,0
15851,0
15852,0
15853,0
15854,0
15855,0
15856,0
15858,0
15859,0
15860,0
15861,1
15863,0
15864,0
15865,0
15866,0
15867,0
15868,0
15869,0
15870,0
15871,0
15872,0
15874,0
15875,0
15876,0
15877,0
15878,0
15879,1
15881,0
15885,1
15886,0
15888,0
15889,0
15890,0
15892,1
15893,0
15894,1
15895,0
15896,0
15897,0
15898,1
15899,0
15900,1
15901,0
15902,0
15903,0
15904,0
15906,0
15908,0
15909,0
15910,0
15911,0
15912,1
15913,0
15914,0
15916,0
15917,0
15918,1
15920,1
15921,0
15922,0
15923,0
15924,0
15925,0
15927,0
15928,0
15929,0
15930,0
15932,0
15933,0
15934,0
15937,0
15939,0
15942,0
15944,0
15949,0
15950,0
15951,0
15952,0
15953,0
15956,1
15959,0
15960,0
15961,1
15963,1
15964,0
15967,0
15968,1
15969,0
15970,1
15973,0
15975,0
15976,0
15977,0
15978,0
15979,0
15980,0
15981,0
15984,0
15985,0
15987,0
15988,0
15989,0
15993,1
15995,1
15996,0
15997,1
15999,0
16002,1
16003,0
16004,0
16005,0
16006,0
16007,1
16009,0
16012,0
16013,0
16014,0
16015,0
16016,0
16021,1
16022,0
16023,0
16026,1
16029,1
16030,0
16033,1
16037,1
16040,0
16041,1
16045,0
16052,0
16053,0
16055,0
16063,0
16066,0
16067,0
16068,0
16069,0
16071,0
16072,0
16074,0
16075,0
16076,0
16077,0
16079,0
16080,0
16083,0
16086,0
16088,0
16091,1
16093,0
16094,0
16095,0
16096,0
16097,0
16098,0
16099,0
16100,0
16103,0
16106,0
16107,0
16108,0
16110,0
16111,0
16112,0
16115,0
16117,1
16118,0
16119,0
16120,0
16122,0
16123,0
16125,0
16126,0
16130,1
16133,0
16134,0
16136,1
16139,0
16140,0
16141,0
16142,0
16143,0
16144,0
16145,1
16146,0
16147,0
16148,0
16149,0
16150,0
16152,1
16155,1
16158,0
16159,1
16161,0
16162,0
16163,1
16164,0
16166,0
16170,0
16171,0
16172,0
16173,1
16175,0
16176,1
16177,0
16179,0
16180,0
16185,0
16188,0
16189,0
16190,0
16193,0
16194,0
16195,0
16196,0
16197,0
16200,0
16201,0
16202,0
16203,1
16206,0
16207,0
16210,1
16211,1
16212,0
16213,0
16214,0
16215,1
16216,1
16219,0
16221,0
16223,1
16225,0
16226,0
16228,0
16230,0
16232,1
16233,1
16234,0
16236,0
16238,0
16241,0
16243,1
16244,0
16246,0
16247,1
16248,0
16250,0
16251,0
16252,0
16255,0
16256,0
16257,0
16258,1
16260,0
16262,0
16263,0
16264,0
16265,0
16266,0
16268,0
16269,0
16270,0
16271,0
16274,0
16275,0
16277,1
16278,0
16279,0
16281,0
16282,0
16283,0
16284,0
16285,0
16286,0
16287,1
16288,0
16289,0
16291,0
16294,0
16297,0
16298,0
16299,0
16300,0
16301,0
16302,1
16303,0
16304,0
16307,1
16310,0
16311,0
16312,0
16314,0
16315,0
16316,0
16317,0
16318,0
16319,0
16320,1
16324,0
16327,0
16331,0
16332,1
16336,0
16337,0
16339,0
16342,0
16343,0
16346,0
16347,0
16348,0
16350,0
16354,0
16357,0
16359,0
16360,0
16362,0
16363,0
16365,0
16366,0
16367,0
16369,0
16370,1
16371,0
16372,0
16374,0
16376,0
16377,0
16379,1
16380,0
16383,0
16385,0
16386,0
16388,0
16390,0
16392,0
16393,0
16394,0
16395,1
16396,0
16398,1
16399,0
16400,0
16401,0
16402,1
16403,1
16404,1
16405,0
16406,1
16407,0
16409,1
16410,0
16415,0
16417,0
16418,0
16419,1
16420,1
16421,0
16422,0
16424,0
16426,0
16427,1
16428,0
16429,0
16430,0
16432,0
16433,0
16434,0
16437,0
16438,0
16440,0
16441,0
16442,0
16443,1
16444,1
16448,0
16449,1
16450,1
16454,0
16457,1
16458,0
16459,1
16460,1
16461,0
16463,1
16465,1
16468,0
16469,0
16470,0
16471,0
16472,0
16473,0
16475,1
16476,0
16478,0
16479,1
16480,0
16481,0
16483,1
16486,0
16487,0
16488,0
16490,0
16492,0
16493,1
16495,0
16496,0
16499,0
16502,0
16505,0
16510,1
16512,1
16513,1
16518,0
16519,1
16521,1
16522,0
16523,1
16525,0
16527,0
16530,0
16531,1
16533,0
16538,0
16539,0
16545,0
16546,0
16549,0
16551,0
16554,0
16555,1
16561,0
16563,1
16564,0
16565,0
16568,0
16569,0
16570,1
16574,0
16577,1
16581,0
16583,1
16584,0
16585,0
16587,0
16588,0
16589,0
16590,0
16591,1
16592,0
16593,0
16597,1
16598,0
16599,0
16600,0
16601,0
16602,0
16604,0
16606,0
16607,0
16608,0
16610,0
16611,0
16615,0
16619,0
16621,1
16622,1
16623,0
16624,0
16625,0
16626,0
16627,0
16628,0
16630,0
16633,0
16635,0
16636,0
16638,0
16641,0
16642,0
16644,0
16645,0
16646,1
16648,1
16649,0
16650,0
16651,0
16652,1
16653,0
16654,0
16655,0
16656,1
16658,0
16662,0
16663,1
16664,0
16665,0
16667,1
16668,0
16670,0
16672,0
16675,1
16676,1
16677,1
16678,0
16679,0
16680,1
16681,0
16684,1
16685,1
16687,0
16688,1
16695,1
16698,0
16700,1
16705,0
16706,0
16707,1
16708,0
16710,0
16711,0
16714,1
16715,0
16717,0
16718,1
16719,0
16723,0
16725,0
16726,0
16727,1
16734,1
16735,0
16737,1
16739,0
16740,0
16743,0
16744,0
16745,0
16746,0
16747,1
16749,0
16750,0
16751,0
16752,0
16753,0
16754,0
16755,0
16759,0
16761,1
16762,0
16763,0
16765,0
16766,0
16767,0
16770,0
16772,0
16774,0
16775,0
16776,0
16777,0
16779,0
16783,0
16784,0
16787,0
16788,0
16790,0
16792,0
16794,0
16795,0
16796,1
16797,0
16798,0
16799,0
16800,0
16801,0
16802,0
16803,0
16804,0
16806,0
16807,0
16808,0
16809,0
16810,0
16811,1
16812,0
16813,0
16814,0
16815,0
16816,0
16817,0
16818,0
16819,0
16824,0
16825,0
16826,0
16833,1
16834,0
16835,0
16836,0
16837,0
16838,0
16839,0
16843,0
16848,0
16850,0
16851,1
16852,0
16853,0
16854,0
16856,0
16858,0
16865,0
16868,0
16871,0
16872,1
16873,1
16874,1
16875,1
16884,0
16885,0
16886,0
16888,0
16890,0
16893,0
16897,0
16903,0
16908,0
16909,0
16910,0
16911,0
16912,0
16913,0
16916,0
16917,1
16918,0
16921,0
16922,1
16923,1
16925,1
16926,0
16929,0
16932,0
16935,0
16936,0
16939,0
16940,0
16941,1
16942,0
16943,0
16944,0
16945,0
16946,0
16947,0
16948,0
16950,0
16951,0
16952,0
16953,1
16954,0
16955,0
16956,0
16957,0
16959,0
16960,0
16961,0
16962,0
16963,0
16964,0
16966,0
16967,0
16968,0
16969,0
16970,0
16971,1
16972,0
16973,0
16974,0
16975,0
16976,0
16977,0
16978,0
16979,1
16980,0
16981,0
16982,0
16983,1
16985,0
16986,0
16987,0
16988,0
16989,0
16990,0
16991,0
16992,1
16993,0
16995,1
16997,0
16998,1
17000,1
17001,0
17003,0
17004,1
17005,0
17007,0
17010,0
17011,0
17012,1
17015,1
17018,0
17021,0
17022,0
17023,0
17025,1
17027,0
17028,0
17031,0
17032,0
17034,0
17035,0
17036,0
17037,0
17038,0
17039,1
17041,0
17042,0
17044,0
17045,0
17046,1
17047,0
17048,1
17051,0
17052,0
17053,1
17054,0
17057,0
17058,0
17059,0
17060,0
17062,0
17063,0
17064,0
17065,0
17066,0
17067,0
17068,0
17069,0
17071,0
17072,0
17073,0
17074,0
17075,0
17076,1
17077,0
17078,0
17079,1
17080,0
17081,1
17082,1
17083,0
17084,0
17085,0
17086,1
17088,0
17089,0
17090,0
17091,0
17092,0
17093,0
17095,0
17096,0
17097,0
17098,0
17099,1
17100,0
17101,0
17102,0
17103,1
17105,0
17106,0
17108,0
17109,0
17110,1
17113,0
17115,1
17117,0
17118,0
17119,0
17122,1
17123,0
17125,0
17126,0
17127,1
17128,0
17129,0
17131,0
17132,0
17134,1
17135,0
17137,0
17138,0
17140,0
17141,0
17142,0
17143,0
17144,0
17145,0
17146,1
17147,0
17148,1
17149,0
17151,1
17152,0
17154,0
17155,0
17156,0
17157,0
17161,0
17163,0
17164,1
17165,0
17166,0
17167,0
17168,1
17169,0
17170,0
17171,1
17172,0
17173,0
17174,1
17176,0
17177,0
17178,1
17179,0
17180,0
17182,1
17183,0
17184,1
17185,0
17186,0
17187,0
17188,0
17190,0
17191,0
17193,0
17194,0
17196,0
17198,0
17199,0
17200,0
17201,0
17202,0
17204,0
17205,0
17206,0
17208,0
17209,0
17210,0
17211,0
17212,1
17213,0
17216,0
17221,0
17222,0
17223,0
17224,0
17225,0
17228,0
17229,0
17230,0
17231,0
17233,0
17236,0
17237,0
17238,0
17239,0
17240,0
17241,0
17243,0
17244,0
17245,0
17246,0
17247,0
17248,0
17250,1
17251,0
17254,0
17256,0
17257,0
17258,0
17260,0
17264,0
17265,0
17266,0
17267,0
17268,0
17269,0
17270,0
17273,0
17274,0
17275,0
17277,0
17279,0
17280,0
17282,0
17283,0
17284,0
17285,0
17287,0
17289,0
17291,0
17292,0
17293,0
17296,0
17298,0
17300,0
17301,0
17302,0
17303,0
17304,0
17305,0
17306,0
17307,0
17308,0
17311,0
17312,0
17313,0
17314,1
17315,0
17316,0
17317,1
17318,0
17319,0
17320,0
17322,0
17323,1
17325,0
17328,0
17329,0
17330,0
17332,0
17333,1
17334,0
17335,0
17337,0
17338,0
17340,1
17341,0
17342,0
17343,0
17346,0
17347,1
17349,1
17351,0
17352,0
17353,0
17354,0
17355,0
17356,0
17357,0
17358,0
17359,0
17361,0
17363,0
17364,0
17365,0
17366,0
17367,0
17369,0
17370,0
17372,0
17374,0
17375,0
17377,0
17378,0
17379,0
17380,0
17382,0
17383,0
17384,0
17385,0
17386,0
17387,0
17388,1
17389,0
17390,0
17391,0
17392,0
17393,0
17395,0
17396,0
17397,0
17398,0
17399,0
17400,0
17401,0
17402,0
17403,0
17405,0
17406,0
17408,0
17409,0
17410,0
17411,0
17412,0
17415,0
17416,0
17417,0
17419,0
17420,0
17421,0
17422,0
17423,0
17424,0
17426,0
17427,0
17428,0
17429,0
17430,0
17431,0
17432,0
17433,0
17434,0
17436,0
17440,0
17441,0
17442,0
17443,0
17445,0
17446,0
17448,0
17449,0
17452,0
17455,0
17457,0
17462,0
17463,0
17470,0
17472,0
17473,0
17477,0
17478,0
17479,1
17480,0
17481,1
17484,1
17486,0
17487,1
17488,1
17489,0
17491,1
17492,0
17493,1
17494,0
17499,0
17501,1
17502,1
17503,0
17506,1
17507,1
17509,0
17511,0
17513,1
17516,0
17518,1
17519,0
17521,0
17523,0
17529,1
17534,1
17538,1
17540,1
17543,0
17544,0
17545,0
17547,0
17551,1
17554,0
17556,0
17558,0
17559,1
17562,1
17563,0
17567,1
17568,0
17569,1
17573,1
17574,1
17576,1
17577,0
17579,1
17580,1
17584,0
17585,1
17589,1
17593,0
17595,1
17596,1
17597,1
17601,1
17607,0
17612,1
17616,0
17617,0
17618,0
17619,0
17620,0
17622,0
17625,1
17630,0
17632,0
17633,0
17640,1
17643,1
17644,1
17651,1
17652,1
17654,0
17655,0
17658,0
17659,1
17660,0
17661,0
17662,0
17664,0
17666,1
17669,0
17670,0
17671,1
17672,0
17673,1
17674,0
17677,1
17682,1
17683,1
17685,0
17686,0
17687,1
17688,1
17694,1
17698,0
17700,1
17701,1
17702,0
17703,0
17706,1
17707,0
17710,1
17712,0
17714,0
17716,1
17719,1
17722,0
17723,1
17727,1
17728,1
17731,0
17733,0
17738,1
17742,0
17743,1
17746,1
17748,0
17749,1
17750,0
17751,0
17752,1
17753,0
17755,0
17757,0
17758,0
17759,0
17760,1
17762,1
17763,1
17766,1
17767,0
17769,0
17770,1
17771,0
17773,0
17775,1
17776,1
17777,1
17780,0
17782,1
17783,0
17784,1
17785,1
17787,1
17788,0
17791,0
17792,1
17795,0
17798,1
17802,0
17805,0
17808,0
17809,1
17810,1
17811,0
17812,1
17813,0
17816,0
17822,1
17823,0
17825,1
17827,1
17829,0
17834,0
17835,1
17837,1
17839,1
17847,1
17848,0
17849,1
17853,1
17857,1
17860,1
17863,1
17864,1
17866,1
17867,1
17870,0
17871,0
17872,1
17873,1
17874,0
17875,0
17876,1
17877,0
17878,0
17880,0
17881,0
17883,0
17886,1
17887,0
17888,0
17892,0
17894,0
17896,0
17897,0
17899,0
17900,0
17901,0
17906,0
17907,1
17911,1
17913,1
17915,0
17916,0
17922,0
17923,0
17924,0
17925,0
17926,0
17927,0
17929,0
17930,0
17932,0
17933,0
17939,0
17943,0
17948,0
17950,1
17952,0
17955,0
17956,1
17957,1
17958,1
17960,1
17962,0
17963,0
17964,0
17965,0
17966,0
17967,0
17968,1
17970,0
17972,0
17973,1
17975,0
17978,1
17979,0
17980,0
17981,1
17984,1
17986,1
17988,0
17993,1
18001,0
18009,0
18010,0
18011,0
18012,0
18013,0
18014,0
18017,1
18024,0
18028,0
18029,1
18034,0
18035,0
18036,1
18037,1
18038,1
18040,1
18048,0
18050,0
18051,0
18052,0
18061,0
18062,0
18065,0
18066,0
18068,0
18071,1
18075,1
18079,1
18080,1
18085,0
18086,0
18093,0
18095,0
18096,0
18099,0
18101,1
18104,0
18106,0
18108,0
18109,0
18111,1
18120,0
18128,0
18135,1
18136,0
18138,1
18142,0
18145,1
18146,0
18148,0
18149,1
18150,0
18152,0
18155,0
18157,1
18158,0
18160,0
18166,0
18176,0
18177,0
18180,0
18182,1
18185,0
18186,0
18187,1
18188,1
18191,0
18205,1
18210,1
18213,0
18217,0
18221,0
18222,0
18223,1
18225,0
18228,0
18229,1
18231,0
18232,1
18234,0
18236,1
18238,1
18239,1
18242,0
18243,0
18249,0
18252,1
18253,0
18254,0
18257,0
18258,0
18263,0
18271,0
18275,0
18276,0
18277,0
18280,0
18281,0
18283,0
18294,0
18296,0
18297,0
18300,1
18302,0
18303,0
18306,0
18307,0
18308,0
18309,0
18311,0
18313,1
18317,1
18321,0
18323,0
18325,1
18326,0
18328,0
18329,0
18332,0
18334,1
18336,1
18337,0
18339,0
18340,0
18342,1
18345,0
18347,0
18348,0
18351,1
18352,0
18354,0
18355,0
18356,0
18357,0
18360,0
18362,0
18363,0
18366,0
18367,0
18370,0
18371,0
18372,0
18373,0
18374,0
18375,0
18376,0
18377,0
18378,0
18381,1
18382,0
18383,0
18385,0
18386,0
18387,0
18388,0
18389,0
18390,0
18391,0
18392,0
18393,0
18394,0
18395,0
18396,0
18397,0
18398,0
18399,0
18400,0
18401,0
18402,0
18403,0
18404,0
18405,0
18407,0
18408,0
18409,0
18411,0
18412,0
18413,0
18414,0
18415,0
18416,0
18417,0
18418,0
18419,0
18420,0
18421,0
18422,0
18423,0
18424,0
18425,0
18426,0
18427,0
18429,0
18430,0
18431,0
18432,0
18433,0
18435,1
18436,0
18437,0
18438,1
18443,0
18444,0
18445,0
18448,0
18452,0
18454,0
18455,0
18456,0
18457,0
18458,0
18459,0
18460,0
18461,0
18462,0
18463,0
18464,0
18465,0
18466,0
18467,1
18470,0
18472,0
18476,1
18479,1
18480,0
18481,0
18482,0
18483,0
18487,0
18488,0
18489,0
18490,0
18493,0
18495,0
18496,0
18497,0
18504,1
18509,0
18514,0
18519,0
18520,0
18521,0
18523,0
18524,0
18527,0
18530,1
18531,0
18533,0
18534,0
18536,0
18537,0
18538,0
18539,0
18540,0
18544,0
18549,0
18554,0
18557,0
18563,0
18564,0
18565,0
18566,1
18567,1
18569,1
18570,1
18571,0
18575,1
18576,1
18577,1
18585,1
18590,1
18591,0
18592,1
18595,0
18599,0
18600,1
18602,0
18604,0
18605,1
18606,0
18609,0
18610,0
18614,0
18616,0
18621,0
18625,0
18627,0
18638,1
18642,0
18643,1
18644,1
18646,0
18648,0
18651,0
18654,1
18655,0
18658,1
18660,1
18663,1
18664,0
18665,0
18667,1
18668,0
18670,0
18672,0
18674,0
18676,0
18678,0
18680,0
18682,1
18686,1
18688,1
18689,0
18692,0
18698,0
18699,0
18700,0
18701,0
18703,0
18704,0
18705,0
18706,0
18707,0
18708,0
18713,0
18718,0
18719,0
18721,0
18724,0
18728,0
18730,1
18732,0
18736,0
18738,0
18739,0
18743,0
18744,0
18746,0
18747,0
18748,0
18749,0
18750,0
18751,1
18752,0
18753,0
18754,0
18763,0
18765,0
18768,0
18769,0
18773,0
18774,0
18778,1
18779,0
18781,0
18782,0
18783,1
18789,0
18795,0
18798,0
18807,0
18810,0
18811,1
18816,0
18824,0
18828,0
18830,0
18832,0
18835,0
18840,0
18842,1
18849,0
18851,0
18852,0
18856,1
18857,1
18858,0
18859,1
18860,0
18861,1
18863,1
18865,0
18867,0
18870,0
18872,0
18873,0
18875,0
18882,1
18888,0
18895,1
18896,0
18898,1
18899,0
18902,0
18904,0
18906,1
18908,0
18910,1
18911,0
18917,0
18920,0
18921,1
18922,1
18924,0
18930,0
18932,0
18938,1
18943,0
18944,0
18945,0
18946,0
18951,0
18952,0
18953,0
18954,0
18955,0
18959,1
18962,1
18963,1
18973,0
18975,1
18985,0
18986,1
18987,0
18988,1
18990,0
18991,0
18992,0
18993,0
18994,0
18995,0
18996,0
18997,0
19000,0
19004,0
19005,0
19006,1
19009,0
19017,0
19020,0
19021,0
19022,0
19023,0
19028,0
19029,0
19033,0
19037,0
19040,0
19041,0
19042,1
19044,0
19045,0
19048,1
19050,1
19053,0
19055,0
19057,0
19059,0
19061,0
19062,0
19065,0
19069,0
19073,0
19075,0
19077,0
19079,0
19081,0
19082,0
19083,0
19087,1
19088,0
19092,0
19097,0
19101,0
19110,0
19113,1
19118,1
19121,0
19122,0
19127,1
19128,0
19136,1
19137,1
19142,0
19152,1
19155,1
19159,1
19163,0
19165,0
19167,0
19169,0
19170,0
19171,0
19174,0
19178,0
19180,1
19181,1
19182,0
19191,0
19193,0
19198,0
19199,0
19201,0
19202,1
19208,1
19213,0
19223,0
19229,0
19237,0
19238,0
19240,1
19241,1
19254,0
19255,1
19256,1
19258,1
19262,0
19263,1
19267,0
19269,0
19270,1
19271,1
19272,1
19273,0
19275,0
19277,0
19280,1
19281,1
19283,1
19284,0
19285,0
19286,1
19290,1
19291,0
19293,0
19294,0
19295,0
19297,1
19304,0
19307,1
19308,0
19312,1
19318,0
19322,0
19325,1
19327,1
19329,0
19331,1
19334,1
19341,1
19343,1
19344,1
19351,1
19352,1
19356,1
19357,0
19358,0
19359,1
19360,1
19364,1
19365,0
19367,0
19368,1
19369,1
19371,0
19373,0
19374,0
19375,0
19377,0
19378,1
19379,1
19380,1
19381,1
19383,1
19386,1
19387,0
19388,0
19397,0
19403,0
19406,1
19409,1
19410,0
19411,1
19412,1
19416,0
19418,0
19419,1
19420,1
19422,0
19424,0
19426,1
19427,0
19428,1
19431,0
19432,1
19433,0
19435,1
19440,0
19441,1
19444,0
19447,1
19448,1
19450,0
19451,1
19453,1
19458,0
19459,0
19461,1
19462,1
19463,0
19464,1
19466,0
19470,1
19471,0
19473,1
19474,0
19475,0
19477,0
19478,0
19480,0
19482,1
19483,0
19487,0
19489,0
19491,0
19492,0
19497,0
19499,0
19500,0
19501,1
19505,0
19506,0
19507,1
19509,0
19510,1
19511,0
19512,0
19513,0
19515,0
19529,0
19534,0
19537,0
19539,0
19540,0
19541,0
19545,0
19546,0
19547,0
19549,0
19551,0
19555,0
19556,0
19557,0
19559,0
19560,0
19561,0
19562,0
19568,0
19569,0
19570,0
19571,0
19572,1
19625,0
19630,1
19631,1
19635,1
19639,0
19642,0
19644,0
19645,1
19647,0
19648,0
19649,1
19650,0
19651,0
19653,0
19654,1
19655,0
19657,0
19658,0
19663,1
19664,0
19666,1
19667,0
19668,0
19672,0
19674,0
19675,1
19679,1
19680,0
19681,1
19683,1
19684,0
19689,0
19690,1
19692,0
19693,0
19697,1
19699,1
19702,1
19703,1
19704,0
19706,1
19710,0
19711,1
19712,0
19713,1
19719,1
19721,0
19723,0
19726,1
19727,1
19731,1
19732,1
19734,1
19737,1
19742,0
19744,1
19745,0
19748,1
19751,1
19756,0
19758,1
19760,1
19761,0
19762,1
19763,1
19764,0
19766,1
19767,1
19769,1
19773,1
19775,0
19780,1
19781,0
19784,0
19786,0
19787,0
19788,0
19790,0
19796,1
19799,1
19802,0
19803,0
19807,0
19808,0
19810,1
19812,0
19815,0
19821,0
19823,1
19826,1
19828,1
19830,1
19831,1
19832,0
19833,1
19835,0
19837,1
19839,1
19844,0
19850,0
19854,0
19856,1
19860,1
19862,0
19864,1
19865,0
19866,1
19867,0
19869,0
19870,1
19872,1
19874,1
19875,0
19880,1
19882,0
19887,0
19890,1
19892,1
19895,1
19900,1
19902,1
19903,0
19906,1
19912,1
19913,1
19915,0
19918,0
19921,1
19927,0
19930,1
19933,0
19935,1
19939,1
19943,1
19946,1
19947,0
19950,1
19955,1
19957,0
19959,1
19962,1
19963,1
19964,0
19965,1
19966,0
19968,1
19975,1
19978,0
19981,1
19982,0
19983,1
19984,1
19985,0
19986,0
19989,0
19991,0
19993,0
19996,0
19998,0
20001,0
20005,0
20008,0
20009,0
20012,0
20013,0
20016,0
20018,0
20019,0
20021,0
20025,0
20030,0
20031,0
20032,0
20034,0
20035,1
20037,1
20038,0
20039,1
20045,0
20048,0
20052,0
20055,0
20058,0
20062,0
20063,0
20068,0
20071,0
20079,0
20080,0
20081,0
20082,0
20083,0
20087,0
20089,0
20090,0
20092,0
20093,0
20095,0
20096,0
20101,0
20103,0
20105,0
20106,0
20112,0
20114,1
20116,0
20117,0
20118,0
20119,0
20127,0
20129,0
20132,0
20135,0
20137,1
20138,0
20140,0
20142,1
20145,0
20151,0
20153,0
20159,0
20161,0
20165,0
20166,0
20168,0
20170,0
20174,0
20176,0
20180,0
20181,0
20186,0
20187,0
20189,0
20191,0
20193,1
20195,0
20206,0
20207,0
20208,0
20210,1
20213,0
20214,0
20215,0
20216,1
20217,0
20220,0
20221,0
20223,0
20226,0
20228,0
20230,0
20231,0
20232,0
20233,0
20234,0
20235,0
20237,0
20239,0
20241,0
20247,0
20248,0
20249,0
20251,0
20252,0
20255,0
20256,0
20257,0
20258,0
20259,0
20261,0
20262,0
20263,0
20264,0
20265,0
20266,0
20267,0
20269,0
20270,0
20273,0
20274,0
20275,0
20278,0
20279,0
20284,0
20286,0
20291,0
20297,1
20298,1
20299,0
20300,0
20302,0
20304,0
20306,1
20308,0
20309,0
20310,0
20311,1
20314,0
20318,0
20319,0
20321,1
20324,0
20328,1
20332,0
20333,0
20334,0
20335,0
20337,0
20339,0
20340,0
20341,0
20343,0
20344,0
20347,0
20348,0
20352,1
20353,0
20357,0
20358,0
20363,0
20364,0
20365,0
20366,0
20367,0
20368,0
20370,0
20371,0
20372,0
20373,0
20374,0
20376,0
20377,0
20378,0
20379,1
20380,0
20381,0
20382,0
20384,0
20385,0
20386,0
20388,0
20389,0
20391,0
20392,0
20393,0
20395,0
20396,1
20398,1
20400,0
20401,0
20406,0
20407,0
20409,0
20412,0
20414,0
20415,0
20419,0
20420,0
20421,0
20432,0
20438,0
20439,1
20440,0
20441,0
20442,0
20443,0
20444,0
20446,0
20448,0
20450,0
20453,0
20455,0
20457,1
20458,0
20459,0
20461,0
20462,0
20463,0
20464,0
20465,0
20467,1
20468,0
20469,0
20470,0
20471,0
20473,0
20474,0
20476,0
20479,0
20480,0
20485,1
20488,0
20489,1
20490,0
20493,0
20494,0
20496,0
20497,0
20498,0
20499,0
20500,0
20502,0
20507,0
20511,0
20514,0
20515,0
20517,0
20523,0
20525,1
20527,0
20529,0
20531,0
20532,0
20533,0
20535,0
20545,0
20546,0
20548,0
20550,0
20552,1
20557,0
20558,0
20561,0
20562,0
20564,0
20566,0
20567,0
20569,0
20583,0
20584,1
20586,0
20593,0
20596,0
20598,0
20600,0
20605,0
20606,0
20611,0
20618,1
20620,0
20624,0
20628,0
20630,0
20631,0
20632,0
20634,0
20637,0
20639,0
20640,0
20641,1
20645,0
20646,0
20648,0
20649,0
20650,0
20651,0
20652,0
20653,0
20654,0
20655,0
20657,0
20658,0
20660,0
20662,0
20666,0
20667,1
20668,0
20669,0
20670,0
20671,0
20672,0
20673,0
20678,0
20679,1
20680,0
20682,0
20685,0
20692,0
20693,1
20695,0
20698,1
20699,0
20706,0
20708,0
20709,0
20710,0
20711,0
20712,0
20715,0
20719,0
20721,0
20723,0
20725,1
20728,0
20730,0
20734,1
20735,0
20736,0
20738,0
20744,1
20746,0
20747,0
20753,0
20754,1
20755,1
20756,0
20757,0
20759,0
20763,0
20764,0
20766,1
20767,0
20768,0
20769,0
20770,0
20771,0
20773,0
20774,0
20775,1
20776,0
20778,0
20779,0
20784,0
20787,0
20790,0
20791,0
20792,1
20793,0
20794,0
20795,0
20797,1
20798,0
20800,0
20801,0
20802,0
20803,0
20804,0
20807,0
20811,1
20812,0
20813,0
20814,0
20817,0
20822,0
20824,1
20825,0
20826,0
20828,0
20829,0
20833,0
20834,1
20835,1
20836,0
20837,0
20838,0
20840,1
20858,0
20862,0
20865,0
20868,0
20869,0
20878,0
20879,0
20881,0
20882,0
20883,0
20885,0
20887,1
20888,0
20890,0
20893,0
20894,0
20896,0
20898,1
20900,0
20901,1
20902,0
20904,0
20905,1
20907,0
20909,0
20910,0
20911,0
20913,0
20915,0
20917,1
20918,0
20919,0
20920,0
20921,1
20922,0
20925,0
20926,0
20927,0
20930,0
20931,0
20932,0
20936,0
20937,0
20938,0
20941,0
20943,0
20944,0
20945,1
20946,1
20947,0
20948,0
20949,0
20954,0
20958,0
20959,0
20968,0
20969,0
20972,0
20973,0
20974,0
20975,0
20976,0
20979,0
20981,0
20982,1
20983,0
20984,0
20988,0
20989,0
20991,0
20995,1
21000,1
21002,0
21003,1
21006,0
21007,1
21012,0
21013,0
21014,0
21016,0
21017,0
21018,0
21019,1
21022,0
21023,0
21028,0
21030,1
21031,0
21032,0
21034,0
21036,0
21037,0
21038,0
21039,1
21040,1
21041,1
21042,0
21044,0
21045,0
21046,1
21047,0
21049,0
21050,1
21051,1
21053,0
21055,0
21058,0
21059,1
21060,1
21061,1
21063,1
21065,1
21067,0
21071,1
21073,1
21076,0
21077,0
21078,1
21080,0
21081,0
21082,1
21091,0
21093,1
21095,0
21096,0
21097,1
21100,0
21103,0
21105,0
21106,0
21109,0
21112,0
21113,0
21114,0
21117,0
21122,0
21123,0
21124,0
21128,0
21129,1
21130,0
21131,0
21132,0
21133,1
21134,1
21135,0
21136,0
21138,0
21140,1
21142,0
21143,1
21146,0
21148,0
21149,0
21151,0
21152,0
21157,0
21163,0
21164,0
21165,0
21166,0
21168,0
21172,0
21173,0
21175,0
21176,0
21177,0
21178,0
21179,0
21181,0
21182,0
21187,0
21189,0
21190,0
21191,0
21192,0
21193,0
21194,0
21195,0
21196,0
21197,0
21199,0
21201,1
21202,0
21203,0
21205,0
21206,0
21207,0
21208,0
21209,0
21210,1
21211,0
21212,0
21214,0
21215,0
21216,0
21218,0
21219,0
21221,0
21222,0
21224,0
21227,0
21228,1
21230,1
21232,0
21233,0
21234,0
21236,0
21237,0
21238,0
21240,0
21242,0
21243,0
21244,0
21245,0
21248,0
21251,1
21252,0
21253,1
21254,0
21255,0
21256,0
21257,0
21259,0
21260,0
21261,1
21262,0
21264,0
21265,0
21266,0
21267,0
21271,0
21272,0
21274,0
21275,0
21277,0
21278,1
21281,0
21282,1
21283,0
21285,0
21286,0
21287,1
21291,1
21292,1
21293,0
21295,0
21297,1
21298,0
21300,0
21301,1
21302,0
21303,0
21307,1
21308,0
21314,0
21315,0
21318,1
21319,1
21321,0
21322,0
21323,0
21324,0
21325,0
21330,0
21331,0
21333,1
21336,0
21337,0
21339,0
21342,0
21343,0
21346,0
21350,0
21352,0
21354,0
21356,0
21357,1
21358,1
21359,0
21360,0
21362,0
21363,0
21367,0
21368,0
21369,0
21371,0
21372,0
21373,0
21375,1
21376,1
21378,0
21380,0
21382,1
21385,0
21386,0
21387,1
21388,0
21391,0
21392,0
21393,1
21394,1
21401,1
21403,0
21404,1
21405,0
21406,0
21408,1
21410,1
21411,1
21412,0
21413,0
21414,0
21415,0
21416,0
21417,1
21419,1
21421,1
21422,0
21423,0
21427,1
21429,1
21430,0
21431,0
21435,0
21436,0
21437,0
21440,1
21441,0
21443,0
21447,0
21448,0
21451,0
21453,0
21454,1
21455,0
21459,0
21460,0
21462,1
21465,0
21466,1
21468,0
21469,1
21473,0
21474,0
21475,0
21477,0
21478,1
21479,0
21480,0
21482,0
21484,0
21485,0
21486,0
21488,0
21489,0
21490,0
21491,0
21492,0
21493,0
21496,0
21497,0
21501,0
21502,0
21503,1
21506,0
21508,0
21510,0
21511,0
21512,0
21517,0
21519,0
21521,0
21523,0
21525,0
21526,0
21530,0
21532,0
21535,0
21536,0
21538,1
21539,0
21541,0
21542,0
21550,1
21551,0
21553,0
21555,1
21556,0
21557,0
21561,0
21562,0
21565,0
21567,0
21568,0
21570,0
21571,1
21573,0
21574,0
21575,0
21576,0
